Date,Open Price,Close Price,High Price,Low Price,Volume
02-Jan-2014,1845.86,1831.98,1845.86,1827.74,1812452608
03-Jan-2014,1833.21,1831.37,1838.24,1829.13,1649433088
06-Jan-2014,1832.31,1826.77,1837.16,1823.73,1979986176
07-Jan-2014,1828.71,1837.88,1840.10,1828.71,2067762944
08-Jan-2014,1837.90,1837.49,1840.02,1831.40,2319179520
09-Jan-2014,1839.00,1838.13,1843.23,1830.38,1648683392
10-Jan-2014,1840.06,1842.37,1843.15,1832.43,2072823040
13-Jan-2014,1841.26,1819.20,1843.45,1815.52,2365210112
14-Jan-2014,1821.36,1838.88,1839.26,1821.36,2194677504
15-Jan-2014,1840.52,1848.38,1850.84,1840.52,2551404032
16-Jan-2014,1847.99,1845.89,1847.99,1840.30,2239486720
17-Jan-2014,1844.23,1838.70,1846.04,1835.23,2612642304
21-Jan-2014,1841.05,1843.80,1849.31,1832.38,2488078848
22-Jan-2014,1844.71,1844.86,1846.87,1840.88,2163287040
23-Jan-2014,1842.29,1828.46,1842.29,1820.06,2567655936
24-Jan-2014,1826.96,1790.29,1826.96,1790.29,3050558976
27-Jan-2014,1791.03,1781.56,1795.98,1772.88,2684473088
28-Jan-2014,1783.00,1792.50,1793.87,1779.49,2316132096
29-Jan-2014,1790.15,1774.20,1790.15,1770.45,2814337792
30-Jan-2014,1777.17,1794.19,1798.77,1777.17,2487038208
31-Jan-2014,1790.88,1782.59,1793.88,1772.26,2846584832
03-Feb-2014,1782.68,1741.89,1784.83,1739.66,3294948352
04-Feb-2014,1743.82,1755.20,1758.73,1743.82,2714900992
05-Feb-2014,1753.38,1751.64,1755.79,1737.92,2568859392
06-Feb-2014,1752.99,1773.43,1774.06,1752.99,2438373376
07-Feb-2014,1776.01,1797.02,1798.03,1776.01,2448974848
10-Feb-2014,1796.20,1799.84,1799.94,1791.83,2074480128
11-Feb-2014,1800.45,1819.75,1823.54,1800.41,2279064320
12-Feb-2014,1820.12,1819.26,1826.55,1815.97,2118560896
13-Feb-2014,1814.82,1829.83,1830.25,1809.22,2275862784
14-Feb-2014,1828.46,1838.63,1841.65,1825.59,2032494080
18-Feb-2014,1839.03,1840.76,1842.87,1835.01,2136133120
19-Feb-2014,1838.90,1828.75,1847.50,1826.99,2285507840
20-Feb-2014,1829.24,1839.78,1842.79,1824.58,2215243776
21-Feb-2014,1841.07,1836.25,1846.13,1835.60,2272714240
24-Feb-2014,1836.78,1847.61,1858.71,1836.78,2350026752
25-Feb-2014,1847.66,1845.12,1852.91,1840.19,2247244800
26-Feb-2014,1845.79,1845.16,1852.65,1840.66,2314461184
27-Feb-2014,1844.90,1854.29,1854.53,1841.13,2131204224
28-Feb-2014,1855.12,1859.45,1867.92,1847.67,2417877504
03-Mar-2014,1857.68,1845.73,1857.68,1834.44,2118627200
04-Mar-2014,1849.23,1873.91,1876.23,1849.23,2141930496
05-Mar-2014,1874.05,1873.81,1876.53,1871.11,2079186688
06-Mar-2014,1874.18,1877.03,1881.94,1874.18,2071146880
07-Mar-2014,1878.52,1878.04,1883.57,1870.56,2124230528
10-Mar-2014,1877.86,1877.17,1877.87,1867.04,1772573952
11-Mar-2014,1878.26,1867.63,1882.35,1863.88,1980816128
12-Mar-2014,1866.15,1868.20,1868.38,1854.38,1950277632
13-Mar-2014,1869.06,1846.34,1874.40,1841.86,2312850432
14-Mar-2014,1845.07,1841.13,1852.44,1839.57,2108330240
17-Mar-2014,1842.81,1858.83,1862.30,1842.81,1798183808
18-Mar-2014,1858.92,1872.25,1873.76,1858.92,1725838208
19-Mar-2014,1872.25,1860.77,1874.14,1850.35,2060344064
20-Mar-2014,1860.09,1872.01,1873.49,1854.63,2178826752
21-Mar-2014,1874.53,1866.52,1883.97,1863.46,3408795648
24-Mar-2014,1867.67,1857.44,1873.34,1849.69,2292478720
25-Mar-2014,1859.48,1865.62,1871.87,1855.96,2129129856
26-Mar-2014,1867.09,1852.56,1875.92,1852.56,2259000320
27-Mar-2014,1852.11,1849.04,1855.55,1842.11,2480788736
28-Mar-2014,1850.07,1857.62,1866.63,1850.07,1919787008
31-Mar-2014,1859.16,1872.34,1875.18,1859.16,1964919040
01-Apr-2014,1873.96,1885.52,1885.84,1873.96,2137230720
02-Apr-2014,1886.61,1890.90,1893.17,1883.79,1967130240
03-Apr-2014,1891.43,1888.77,1893.80,1882.65,1977859456
04-Apr-2014,1890.25,1865.09,1897.28,1863.26,2505611776
07-Apr-2014,1863.92,1845.04,1864.04,1841.48,2567113216
08-Apr-2014,1845.48,1851.96,1854.95,1837.49,2358226432
09-Apr-2014,1852.64,1872.18,1872.43,1852.38,2173995264
10-Apr-2014,1872.28,1833.08,1872.53,1830.87,2599949824
11-Apr-2014,1830.65,1815.69,1835.07,1814.36,2624986368
14-Apr-2014,1818.18,1830.61,1834.19,1815.80,2057459968
15-Apr-2014,1831.45,1842.98,1844.02,1816.29,2416961536
16-Apr-2014,1846.01,1862.31,1862.31,1846.01,2214454016
17-Apr-2014,1861.73,1864.85,1869.63,1856.72,2292668928
21-Apr-2014,1865.79,1871.89,1871.89,1863.18,1638695296
22-Apr-2014,1872.57,1879.55,1884.89,1872.57,2036879488
23-Apr-2014,1879.32,1875.39,1879.75,1873.91,2000888320
24-Apr-2014,1881.97,1878.61,1884.06,1870.24,2223130368
25-Apr-2014,1877.72,1863.40,1877.72,1859.70,2145002752
28-Apr-2014,1865.00,1869.43,1877.01,1850.61,2760756736
29-Apr-2014,1870.78,1878.33,1880.60,1870.78,2101549952
30-Apr-2014,1877.10,1883.95,1885.20,1872.69,2300784640
01-May-2014,1884.39,1883.68,1888.59,1878.04,2021355008
02-May-2014,1885.30,1881.14,1891.33,1878.50,1883698432
05-May-2014,1879.45,1884.66,1885.51,1866.77,1645259648
06-May-2014,1883.69,1867.72,1883.69,1867.72,1902967424
07-May-2014,1868.53,1878.21,1878.83,1859.79,2255215872
08-May-2014,1877.39,1875.63,1889.07,1870.05,2013614976
09-May-2014,1875.27,1878.48,1878.57,1867.02,1844061952
12-May-2014,1880.03,1896.65,1897.13,1880.03,1756270592
13-May-2014,1896.75,1897.45,1902.17,1896.06,1721150464
14-May-2014,1897.13,1888.53,1897.13,1885.77,1658593920
15-May-2014,1888.16,1870.85,1888.16,1862.36,2234996992
16-May-2014,1871.19,1877.86,1878.28,1864.82,2044161024
19-May-2014,1876.66,1885.08,1886.00,1872.42,1651389056
20-May-2014,1884.88,1872.83,1884.88,1868.14,1818656512
21-May-2014,1873.34,1888.03,1888.80,1873.34,1676727808
22-May-2014,1888.19,1892.49,1896.33,1885.39,1604876160
23-May-2014,1893.32,1900.53,1901.26,1893.32,1379706112
27-May-2014,1902.01,1911.91,1912.28,1902.01,1759317248
28-May-2014,1911.77,1909.78,1914.46,1907.30,1678006272
29-May-2014,1910.60,1920.03,1920.03,1909.82,1566936320
30-May-2014,1920.33,1923.57,1924.03,1916.64,1782194048
02-Jun-2014,1923.87,1924.97,1925.88,1915.98,1463696256
03-Jun-2014,1923.07,1924.24,1925.07,1918.79,1635198976
04-Jun-2014,1923.06,1927.88,1928.63,1918.60,1618297984
05-Jun-2014,1928.52,1940.46,1941.74,1922.93,1729144576
06-Jun-2014,1942.41,1949.44,1949.44,1942.41,1615180032
09-Jun-2014,1948.97,1951.27,1955.55,1947.16,1695003904
10-Jun-2014,1950.34,1950.79,1950.86,1944.64,1643862016
11-Jun-2014,1949.37,1943.89,1949.37,1940.08,1655292416
12-Jun-2014,1943.35,1930.11,1943.35,1925.78,1880305280
13-Jun-2014,1930.80,1936.16,1937.30,1927.69,1681238400
16-Jun-2014,1934.84,1937.78,1941.15,1930.91,1767987072
17-Jun-2014,1937.15,1941.99,1943.69,1933.55,1726871040
18-Jun-2014,1942.73,1956.98,1957.74,1939.29,1881836416
19-Jun-2014,1957.50,1959.48,1959.87,1952.26,1810535552
20-Jun-2014,1960.45,1962.87,1963.91,1959.17,2631848448
23-Jun-2014,1962.92,1962.61,1963.74,1958.89,1672288000
24-Jun-2014,1961.97,1949.98,1968.17,1948.34,1942516096
25-Jun-2014,1949.27,1959.53,1960.83,1947.49,1935366912
26-Jun-2014,1959.89,1957.22,1959.89,1944.69,1714983936
27-Jun-2014,1956.56,1960.96,1961.47,1952.18,1945514496
30-Jun-2014,1960.79,1960.23,1964.24,1958.22,1811184640
01-Jul-2014,1962.29,1973.32,1978.58,1962.29,1866250368
02-Jul-2014,1973.06,1974.62,1976.67,1972.58,1667695744
03-Jul-2014,1975.88,1985.44,1985.59,1975.88,1220827136
07-Jul-2014,1984.22,1977.65,1984.22,1974.88,1591918592
08-Jul-2014,1976.39,1963.71,1976.39,1959.46,1991922560
09-Jul-2014,1965.10,1972.83,1974.15,1965.10,1804044416
10-Jul-2014,1966.67,1964.68,1969.84,1952.86,1831713536
11-Jul-2014,1965.76,1967.57,1968.67,1959.63,1582468608
14-Jul-2014,1969.86,1977.10,1979.85,1969.86,1677362816
15-Jul-2014,1977.36,1973.28,1982.52,1965.34,2117261696
16-Jul-2014,1976.35,1981.57,1983.94,1975.67,2455134208
17-Jul-2014,1979.75,1958.12,1981.80,1955.59,2339517696
18-Jul-2014,1961.54,1978.22,1979.91,1960.82,1960937472
21-Jul-2014,1976.93,1973.63,1976.93,1965.77,1726472064
22-Jul-2014,1975.65,1983.53,1986.24,1975.65,1884941696
23-Jul-2014,1985.32,1987.01,1989.23,1982.44,2010799872
24-Jul-2014,1988.07,1987.98,1991.39,1985.79,2106153216
25-Jul-2014,1984.60,1978.34,1984.60,1974.37,1701723008
28-Jul-2014,1978.25,1978.91,1981.52,1967.31,1849138048
29-Jul-2014,1980.03,1969.95,1984.85,1969.95,2271592704
30-Jul-2014,1973.21,1970.07,1978.90,1962.42,2152845568
31-Jul-2014,1965.14,1930.67,1965.14,1930.67,2533592832
01-Aug-2014,1929.80,1925.15,1937.35,1916.37,2256536576
04-Aug-2014,1926.62,1938.99,1942.92,1921.20,1879548544
05-Aug-2014,1936.34,1920.21,1936.34,1913.77,2140886912
06-Aug-2014,1917.29,1920.24,1927.91,1911.45,2191679232
07-Aug-2014,1923.03,1909.57,1928.89,1904.78,1965251328
08-Aug-2014,1910.35,1931.59,1932.38,1909.01,1778050688
11-Aug-2014,1933.43,1936.92,1944.90,1933.43,1637030400
12-Aug-2014,1935.73,1933.75,1939.65,1928.29,1463726976
13-Aug-2014,1935.60,1946.72,1948.41,1935.60,1518382464
14-Aug-2014,1947.41,1955.18,1955.23,1947.41,1448450816
15-Aug-2014,1958.87,1955.06,1964.04,1941.50,1914260992
18-Aug-2014,1958.36,1971.74,1971.99,1958.36,1615730432
19-Aug-2014,1972.73,1981.60,1982.57,1972.73,1544729600
20-Aug-2014,1980.46,1986.51,1988.57,1977.68,1513506944
21-Aug-2014,1986.82,1992.37,1994.76,1986.82,1620800640
22-Aug-2014,1992.60,1988.40,1993.54,1984.76,1434108416
25-Aug-2014,1991.74,1997.92,2001.95,1991.74,1299336576
26-Aug-2014,1998.59,2000.02,2005.04,1998.59,1309335680
27-Aug-2014,2000.54,2000.12,2002.14,1996.20,1329727488
28-Aug-2014,1997.42,1996.74,1998.55,1990.52,1234671872
29-Aug-2014,1998.45,2003.37,2003.38,1994.65,1273131008
02-Sep-2014,2004.07,2002.28,2006.12,1994.85,1649745664
03-Sep-2014,2003.57,2000.72,2009.28,1998.14,1650198144
04-Sep-2014,2001.67,1997.65,2011.17,1992.54,1777233280
05-Sep-2014,1998.00,2007.71,2007.71,1990.10,1739517312
08-Sep-2014,2007.17,2001.54,2007.17,1995.60,1707357568
09-Sep-2014,2000.73,1988.44,2001.01,1984.61,1893418880
10-Sep-2014,1988.41,1995.69,1996.66,1982.99,1717633792
11-Sep-2014,1992.85,1997.45,1997.65,1985.93,1690136704
12-Sep-2014,1996.74,1985.54,1996.74,1980.26,1971256320
15-Sep-2014,1986.04,1984.13,1987.18,1978.48,1753900160
16-Sep-2014,1981.93,1998.98,2002.28,1979.06,1834803840
17-Sep-2014,1999.30,2001.57,2010.74,1993.29,1960687872
18-Sep-2014,2003.07,2011.36,2012.34,2003.07,518158400
19-Sep-2014,2012.74,2010.40,2019.26,2006.59,3019345664
22-Sep-2014,2009.08,1994.29,2009.08,1991.01,1948926208
23-Sep-2014,1992.78,1982.77,1995.41,1982.77,1986251136
24-Sep-2014,1983.34,1998.30,1999.79,1978.63,1981143552
25-Sep-2014,1997.32,1965.99,1997.32,1965.99,2002773760
26-Sep-2014,1966.22,1982.85,1986.37,1966.22,1723307776
29-Sep-2014,1978.96,1977.80,1981.28,1964.04,1767478016
30-Sep-2014,1978.21,1972.29,1985.17,1968.96,2271239936
01-Oct-2014,1971.44,1946.16,1971.44,1941.72,2456830720
02-Oct-2014,1945.83,1946.17,1952.32,1926.03,2332860416
03-Oct-2014,1948.12,1967.90,1971.19,1948.12,2061075328
06-Oct-2014,1970.01,1964.82,1977.84,1958.43,1827416832
07-Oct-2014,1962.36,1935.10,1962.36,1934.87,2135018240
08-Oct-2014,1935.55,1968.89,1970.36,1925.25,2498607104
09-Oct-2014,1967.68,1928.21,1967.68,1927.56,2595154176
10-Oct-2014,1925.63,1906.13,1936.98,1906.05,3044337152
13-Oct-2014,1905.65,1874.74,1912.09,1874.14,2767936512
14-Oct-2014,1877.11,1877.70,1898.71,1871.79,2963574528
15-Oct-2014,1874.18,1862.49,1874.18,1820.66,4118657024
16-Oct-2014,1855.95,1862.76,1876.01,1835.02,3345744896
17-Oct-2014,1864.91,1886.76,1898.16,1864.91,2938192640
20-Oct-2014,1885.62,1904.01,1905.03,1882.30,2124824960
21-Oct-2014,1909.38,1941.28,1942.45,1909.38,2504900352
22-Oct-2014,1941.29,1927.11,1949.31,1926.83,2440896512
23-Oct-2014,1931.02,1950.82,1961.95,1931.02,2236285952
24-Oct-2014,1951.59,1964.58,1965.27,1946.27,1902526208
27-Oct-2014,1962.97,1961.63,1964.64,1951.37,1853454336
28-Oct-2014,1964.14,1985.05,1985.05,1964.14,2082158592
29-Oct-2014,1983.29,1982.30,1991.40,1969.04,2215071232
30-Oct-2014,1979.49,1994.65,1999.40,1974.75,2109787904
31-Oct-2014,2001.20,2018.05,2018.19,2001.20,2514654976
03-Nov-2014,2018.21,2017.81,2024.46,2013.68,1986892160
04-Nov-2014,2015.81,2012.10,2015.98,2001.01,2136098560
05-Nov-2014,2015.29,2023.57,2023.77,2014.42,2156197632
06-Nov-2014,2023.33,2031.21,2031.61,2015.86,2146784000
07-Nov-2014,2032.36,2031.92,2034.26,2025.07,2005952128
10-Nov-2014,2032.01,2038.26,2038.70,2030.17,1886554624
11-Nov-2014,2038.20,2039.68,2041.28,2035.28,1646019968
12-Nov-2014,2037.75,2038.25,2040.33,2031.95,1865495936
13-Nov-2014,2039.21,2039.33,2046.18,2030.44,2050775680
14-Nov-2014,2039.74,2039.82,2042.22,2035.20,1786312832
17-Nov-2014,2038.29,2041.32,2043.07,2034.46,1920565120
18-Nov-2014,2041.48,2051.80,2056.08,2041.48,1887367680
19-Nov-2014,2051.16,2048.72,2052.14,2040.37,1918790784
20-Nov-2014,2045.87,2052.75,2053.84,2040.49,1842132480
21-Nov-2014,2057.46,2063.50,2071.46,2056.75,2271122432
24-Nov-2014,2065.07,2069.41,2070.17,2065.07,1853945728
25-Nov-2014,2070.15,2067.03,2074.21,2064.75,2029484288
26-Nov-2014,2067.36,2072.83,2073.29,2066.62,1677902208
28-Nov-2014,2074.78,2067.56,2075.76,2065.06,1409882752
01-Dec-2014,2065.78,2053.44,2065.78,2049.57,2329581568
02-Dec-2014,2053.77,2066.55,2068.77,2053.77,2088677760
03-Dec-2014,2067.45,2074.33,2076.28,2066.65,2156561408
04-Dec-2014,2073.64,2071.92,2077.34,2062.34,1908199552
05-Dec-2014,2072.78,2075.37,2079.47,2070.81,1988992640
08-Dec-2014,2074.84,2060.31,2075.78,2054.27,2187444224
09-Dec-2014,2056.55,2059.82,2060.60,2034.17,2274634752
10-Dec-2014,2058.86,2026.14,2058.86,2024.26,2403907328
11-Dec-2014,2027.92,2035.33,2055.53,2027.92,2208024576
12-Dec-2014,2030.36,2002.33,2032.25,2002.33,2411881472
15-Dec-2014,2005.03,1989.63,2018.69,1982.26,2511207424
16-Dec-2014,1986.71,1972.74,2016.89,1972.56,2717684480
17-Dec-2014,1973.77,2012.89,2016.75,1973.77,2647352064
18-Dec-2014,2018.98,2061.23,2061.23,2018.98,2696220160
19-Dec-2014,2061.04,2070.65,2077.85,2061.03,3544452352
22-Dec-2014,2069.28,2078.54,2078.76,2069.28,2005080704
23-Dec-2014,2081.48,2082.17,2086.73,2079.77,1776742144
24-Dec-2014,2083.25,2081.88,2087.56,2081.86,813447424
26-Dec-2014,2084.30,2088.77,2092.70,2084.30,946087616
29-Dec-2014,2087.63,2090.57,2093.55,2085.75,1278576128
30-Dec-2014,2088.49,2080.35,2088.49,2079.53,1209873792
31-Dec-2014,2082.11,2058.90,2085.58,2057.94,1409596544
02-Jan-2015,2058.90,2058.20,2072.36,2046.04,1537750400
05-Jan-2015,2054.44,2020.58,2054.44,2017.34,2297279232
06-Jan-2015,2022.15,2002.61,2030.25,1992.44,2693256704
07-Jan-2015,2005.55,2025.90,2029.61,2005.55,2206033408
08-Jan-2015,2030.61,2062.14,2064.08,2030.61,2291711488
09-Jan-2015,2063.45,2044.81,2064.43,2038.33,1925116160
12-Jan-2015,2046.13,2028.26,2049.30,2022.58,2065410816
13-Jan-2015,2031.58,2023.03,2056.93,2008.25,2463854336
14-Jan-2015,2018.40,2011.27,2018.40,1988.44,2753443328
15-Jan-2015,2013.75,1992.67,2021.35,1991.47,2612891392
16-Jan-2015,1992.25,2019.42,2020.46,1988.12,2620180224
20-Jan-2015,2020.76,2022.55,2028.94,2004.49,2342621440
21-Jan-2015,2020.19,2032.12,2038.29,2012.04,2206087424
22-Jan-2015,2034.30,2063.15,2064.62,2026.38,2570604544
23-Jan-2015,2062.98,2051.82,2062.98,2050.54,2100001152
26-Jan-2015,2050.42,2057.09,2057.62,2040.97,2037838848
27-Jan-2015,2047.86,2029.55,2047.86,2019.91,2378601216
28-Jan-2015,2032.34,2002.16,2042.49,2001.49,2748160512
29-Jan-2015,2002.45,2021.25,2024.64,1989.18,2659461376
30-Jan-2015,2019.35,1994.99,2023.32,1993.38,2989806080
02-Feb-2015,1996.67,2020.85,2021.66,1980.90,2545372928
03-Feb-2015,2022.71,2050.03,2050.30,2022.71,2716269312
04-Feb-2015,2048.86,2041.51,2054.74,2036.72,2664874240
05-Feb-2015,2043.45,2062.52,2063.55,2043.45,2285587456
06-Feb-2015,2062.28,2055.47,2072.40,2049.97,2519672832
09-Feb-2015,2053.47,2046.74,2056.16,2041.88,2020068736
10-Feb-2015,2049.38,2068.59,2070.86,2048.62,2215126528
11-Feb-2015,2068.55,2068.53,2073.48,2057.99,2124226816
12-Feb-2015,2069.98,2088.48,2088.53,2069.98,2309394944
13-Feb-2015,2088.78,2096.99,2097.03,2086.70,2055980160
17-Feb-2015,2096.47,2100.34,2101.30,2089.80,2045665280
18-Feb-2015,2099.16,2099.68,2100.23,2092.15,1942338432
19-Feb-2015,2099.25,2097.45,2102.13,2090.79,1937272448
20-Feb-2015,2097.65,2110.30,2110.61,2085.44,2082783488
23-Feb-2015,2109.83,2109.66,2110.05,2103.00,1829293568
24-Feb-2015,2109.10,2115.48,2117.94,2105.87,2004741248
25-Feb-2015,2115.30,2113.86,2119.59,2109.89,2038310656
26-Feb-2015,2113.91,2110.74,2113.91,2103.76,2113286272
27-Feb-2015,2110.88,2104.50,2112.74,2103.75,2103828736
02-Mar-2015,2105.23,2117.39,2117.52,2104.50,2025686272
03-Mar-2015,2115.76,2107.78,2115.76,2098.26,1906138752
04-Mar-2015,2107.72,2098.53,2107.72,2087.62,1988037504
05-Mar-2015,2098.54,2101.04,2104.25,2095.22,1828024448
06-Mar-2015,2100.91,2071.26,2100.91,2067.27,2443107072
09-Mar-2015,2072.25,2079.43,2083.49,2072.21,1968941056
10-Mar-2015,2076.14,2044.16,2076.14,2044.16,2277920768
11-Mar-2015,2044.69,2040.24,2050.08,2039.69,2088676224
12-Mar-2015,2041.10,2065.95,2066.41,2041.10,2209732096
13-Mar-2015,2064.56,2053.40,2064.56,2041.17,2100594688
16-Mar-2015,2055.35,2081.19,2081.41,2055.35,1964956288
17-Mar-2015,2080.59,2074.28,2080.59,2065.08,1859655296
18-Mar-2015,2072.84,2099.50,2106.85,2061.23,2554447616
19-Mar-2015,2098.69,2089.27,2098.69,2085.56,2029734784
20-Mar-2015,2090.32,2108.10,2113.92,2090.32,3325479936
23-Mar-2015,2107.99,2104.42,2114.86,2104.42,1923886848
24-Mar-2015,2103.94,2091.50,2107.63,2091.50,1916259968
25-Mar-2015,2093.10,2061.05,2097.43,2061.05,2292944384
26-Mar-2015,2059.94,2056.15,2067.15,2045.50,2297664768
27-Mar-2015,2055.78,2061.02,2062.83,2052.96,1954033792
30-Mar-2015,2064.11,2086.24,2088.97,2064.11,1854233728
31-Mar-2015,2084.05,2067.89,2084.05,2067.04,2071814016
01-Apr-2015,2067.63,2059.69,2067.63,2048.38,2215286784
02-Apr-2015,2060.03,2066.96,2072.17,2057.32,1844051968
06-Apr-2015,2064.87,2080.62,2086.99,2056.52,2082504448
07-Apr-2015,2080.79,2076.33,2089.81,2076.10,1772160256
08-Apr-2015,2076.94,2081.90,2086.69,2073.30,1897377408
09-Apr-2015,2081.29,2091.18,2093.31,2074.29,1880668032
10-Apr-2015,2091.51,2102.06,2102.61,2091.51,2000926720
13-Apr-2015,2102.03,2092.43,2107.65,2092.33,1785344768
14-Apr-2015,2092.28,2095.84,2098.62,2083.24,1851421312
15-Apr-2015,2097.82,2106.63,2111.91,2097.82,2247508992
16-Apr-2015,2105.96,2104.99,2111.30,2100.02,2029111552
17-Apr-2015,2102.58,2081.18,2102.58,2072.37,2363669504
20-Apr-2015,2084.11,2100.40,2103.94,2084.11,1895086080
21-Apr-2015,2102.82,2097.29,2109.64,2094.38,2095764096
22-Apr-2015,2098.27,2107.96,2109.98,2091.05,2096334080
23-Apr-2015,2107.21,2112.93,2120.49,2103.19,2338064896
24-Apr-2015,2112.80,2117.69,2120.92,2112.80,2151193600
27-Apr-2015,2119.29,2108.92,2125.92,2107.04,2345852672
28-Apr-2015,2108.35,2114.76,2116.09,2094.89,2260322304
29-Apr-2015,2112.49,2106.85,2113.65,2097.41,2427465728
30-Apr-2015,2105.52,2085.51,2105.52,2077.59,2570418688
01-May-2015,2087.38,2108.29,2108.41,2087.38,2095895168
04-May-2015,2110.23,2114.49,2120.95,2110.23,1800953600
05-May-2015,2112.63,2089.46,2115.24,2088.46,2254530560
06-May-2015,2091.26,2080.15,2098.42,2067.93,2308713728
07-May-2015,2079.96,2088.00,2092.90,2074.99,2111343104
08-May-2015,2092.13,2116.10,2117.66,2092.13,2060035968
11-May-2015,2115.56,2105.33,2117.69,2104.58,1840227072
12-May-2015,2102.87,2099.12,2105.06,2085.57,1840016640
13-May-2015,2099.62,2098.48,2110.19,2096.04,2032334592
14-May-2015,2100.43,2121.10,2121.45,2100.43,2005244672
15-May-2015,2122.07,2122.73,2123.89,2116.79,1921750784
18-May-2015,2121.30,2129.20,2131.78,2120.01,1722336768
19-May-2015,2129.45,2127.83,2133.02,2124.50,1957865728
20-May-2015,2127.79,2125.85,2134.72,2122.59,1883290752
21-May-2015,2125.55,2130.82,2134.28,2122.95,1819881728
22-May-2015,2130.36,2126.06,2132.15,2126.06,1547032960
26-May-2015,2125.34,2104.20,2125.34,2099.18,2007561344
27-May-2015,2105.13,2123.48,2126.22,2105.13,2001523584
28-May-2015,2122.27,2120.79,2122.27,2112.86,1769740032
29-May-2015,2120.66,2107.39,2120.66,2104.89,2446097664
01-Jun-2015,2108.64,2111.73,2119.15,2102.54,1973760640
02-Jun-2015,2110.41,2109.60,2117.59,2099.14,1868639360
03-Jun-2015,2110.64,2114.07,2121.92,2109.61,1936177408
04-Jun-2015,2112.35,2095.84,2112.89,2093.23,2051411840
05-Jun-2015,2095.09,2092.83,2100.99,2085.67,2215052800
08-Jun-2015,2092.34,2079.28,2093.01,2079.11,1858068736
09-Jun-2015,2079.07,2080.15,2085.62,2072.14,1882424704
10-Jun-2015,2081.12,2105.20,2108.50,2081.12,2026425600
11-Jun-2015,2106.24,2108.86,2115.02,2106.24,1860891520
12-Jun-2015,2107.43,2094.11,2107.43,2091.33,1596140032
15-Jun-2015,2091.34,2084.43,2091.34,2072.49,1839250560
16-Jun-2015,2084.26,2096.29,2097.40,2082.10,1606475392
17-Jun-2015,2097.40,2100.44,2106.79,2088.86,1832811776
18-Jun-2015,2101.58,2121.24,2126.65,2101.58,2105357056
19-Jun-2015,2121.03,2109.99,2121.64,2109.38,2661689600
22-Jun-2015,2112.50,2122.85,2129.87,2112.50,1799818368
23-Jun-2015,2123.16,2124.20,2128.03,2119.89,1797528192
24-Jun-2015,2123.33,2108.58,2125.10,2108.58,1966293760
25-Jun-2015,2109.96,2102.31,2116.04,2101.78,1882419328
26-Jun-2015,2102.62,2101.49,2108.92,2095.38,2642617600
29-Jun-2015,2098.63,2057.64,2098.63,2056.64,2249700608
30-Jun-2015,2061.19,2063.11,2074.28,2056.32,2343340032
01-Jul-2015,2067.00,2077.42,2082.78,2067.00,2197713920
02-Jul-2015,2078.03,2076.78,2085.06,2071.02,1752681600
06-Jul-2015,2073.95,2068.76,2078.61,2058.40,1998929280
07-Jul-2015,2069.52,2081.34,2083.74,2044.02,2564912896
08-Jul-2015,2077.66,2046.68,2077.66,2044.66,2186352384
09-Jul-2015,2049.73,2051.31,2074.28,2049.73,2156555776
10-Jul-2015,2052.74,2076.62,2081.31,2052.74,1812938112
13-Jul-2015,2080.03,2099.60,2100.67,2080.03,1834991744
14-Jul-2015,2099.72,2108.95,2111.98,2098.18,1931088128
15-Jul-2015,2109.01,2107.40,2114.14,2102.49,2114954240
16-Jul-2015,2110.55,2124.29,2124.42,2110.55,2173703680
17-Jul-2015,2126.80,2126.64,2128.91,2119.88,2187397376
20-Jul-2015,2126.85,2128.28,2132.82,2123.65,2008421632
21-Jul-2015,2127.55,2119.21,2128.49,2115.40,2168876544
22-Jul-2015,2118.21,2114.15,2118.51,2110.00,2530212352
23-Jul-2015,2114.16,2102.15,2116.87,2098.63,2418980352
24-Jul-2015,2102.24,2079.65,2106.01,2077.09,2441280512
27-Jul-2015,2078.19,2067.64,2078.19,2063.52,2461333760
28-Jul-2015,2070.75,2093.25,2095.60,2069.09,2504698112
29-Jul-2015,2094.70,2108.57,2110.60,2094.08,2388196352
30-Jul-2015,2106.78,2108.63,2110.48,2094.97,2116245248
31-Jul-2015,2111.60,2103.84,2114.24,2102.07,2200598016
03-Aug-2015,2104.49,2098.04,2105.70,2087.31,2122020096
04-Aug-2015,2097.68,2093.32,2102.51,2088.60,2201848576
05-Aug-2015,2095.27,2099.84,2112.66,2095.27,2451080960
06-Aug-2015,2100.75,2083.56,2103.32,2075.53,2573690624
07-Aug-2015,2082.61,2077.57,2082.61,2067.91,2101739264
10-Aug-2015,2080.98,2104.18,2105.35,2080.98,2003912064
11-Aug-2015,2102.66,2084.07,2102.66,2076.49,2169874944
12-Aug-2015,2081.10,2086.05,2089.06,2052.09,2573605632
13-Aug-2015,2086.19,2083.39,2092.93,2078.26,1907866240
14-Aug-2015,2083.15,2091.54,2092.45,2080.61,1674966400
17-Aug-2015,2089.70,2102.44,2102.87,2079.30,1607783296
18-Aug-2015,2101.99,2096.92,2103.47,2094.14,1738962944
19-Aug-2015,2095.69,2079.61,2096.17,2070.53,2170451456
20-Aug-2015,2076.61,2035.73,2076.61,2035.73,2599612416
21-Aug-2015,2034.08,1970.89,2034.08,1970.89,3502404096
24-Aug-2015,1965.15,1893.21,1965.15,1867.01,4779732992
25-Aug-2015,1898.08,1867.61,1948.04,1867.08,3711337984
26-Aug-2015,1872.75,1940.51,1943.09,1872.75,3742040064
27-Aug-2015,1942.77,1987.66,1989.60,1942.77,3328212736
28-Aug-2015,1986.06,1988.87,1993.48,1975.19,2489245952
31-Aug-2015,1986.73,1972.18,1986.73,1965.98,2425473792
01-Sep-2015,1970.09,1913.85,1970.09,1903.07,2974714624
02-Sep-2015,1916.52,1948.86,1948.91,1916.52,2409384960
03-Sep-2015,1950.79,1951.13,1975.01,1944.72,2247854848
04-Sep-2015,1947.76,1921.22,1947.76,1911.21,2220081152
08-Sep-2015,1927.30,1969.41,1970.42,1927.30,2322879744
09-Sep-2015,1971.45,1942.04,1988.63,1937.88,2345073920
10-Sep-2015,1941.59,1952.29,1965.29,1937.19,2294763776
11-Sep-2015,1951.45,1961.05,1961.05,1939.19,1980991232
14-Sep-2015,1963.06,1953.03,1963.06,1948.27,1840277632
15-Sep-2015,1955.10,1978.09,1983.19,1954.30,2076891264
16-Sep-2015,1978.02,1995.31,1997.26,1977.93,2176764160
17-Sep-2015,1995.33,1990.20,2020.86,1986.73,2652118016
18-Sep-2015,1989.66,1958.03,1989.66,1953.45,3994890240
21-Sep-2015,1960.84,1966.97,1979.64,1955.80,2016186112
22-Sep-2015,1961.39,1942.74,1961.39,1929.22,2441443840
23-Sep-2015,1943.24,1938.76,1949.52,1932.57,1871679232
24-Sep-2015,1934.81,1932.24,1937.17,1908.92,2535710720
25-Sep-2015,1935.93,1931.34,1952.89,1921.50,2388504064
28-Sep-2015,1929.18,1881.77,1929.18,1879.21,2786087424
29-Sep-2015,1881.90,1884.09,1899.48,1871.91,2628215040
30-Sep-2015,1887.14,1920.03,1920.53,1887.14,2759742976
01-Oct-2015,1919.65,1923.82,1927.21,1900.70,2528744448
02-Oct-2015,1921.77,1951.36,1951.36,1893.70,2781112320
05-Oct-2015,1954.33,1987.05,1989.17,1954.33,2658192384
06-Oct-2015,1986.63,1979.92,1991.62,1971.99,2552658944
07-Oct-2015,1982.34,1995.83,1999.31,1976.44,2702886912
08-Oct-2015,1994.01,2013.43,2016.50,1987.53,2383713280
09-Oct-2015,2013.73,2014.89,2020.13,2007.61,2243389440
12-Oct-2015,2015.65,2017.46,2018.66,2010.55,1744710528
13-Oct-2015,2015.00,2003.69,2022.34,2001.78,1947954560
14-Oct-2015,2003.66,1994.24,2009.56,1990.73,2386468864
15-Oct-2015,1996.47,2023.86,2024.15,1996.47,2401876992
16-Oct-2015,2024.37,2033.11,2033.54,2020.46,2315198720
19-Oct-2015,2031.73,2033.66,2034.45,2022.31,2060652288
20-Oct-2015,2033.13,2030.77,2039.12,2026.61,2131033728
21-Oct-2015,2033.47,2018.94,2037.97,2017.22,2332983296
22-Oct-2015,2021.88,2052.51,2055.20,2021.88,2906838528
23-Oct-2015,2058.19,2075.15,2079.74,2058.19,2705397760
26-Oct-2015,2075.08,2071.18,2075.14,2066.53,2142498816
27-Oct-2015,2068.75,2065.89,2070.37,2058.84,2434018560
28-Oct-2015,2066.48,2090.35,2090.35,2063.11,2661935616
29-Oct-2015,2088.35,2089.41,2092.52,2082.63,2241143296
30-Oct-2015,2090.00,2079.36,2094.32,2079.34,2614723584
02-Nov-2015,2080.76,2104.05,2106.20,2080.76,2266202624
03-Nov-2015,2102.63,2109.79,2116.48,2097.51,2404615424
04-Nov-2015,2110.60,2102.31,2114.59,2096.98,2439286528
05-Nov-2015,2101.68,2099.93,2108.78,2090.41,2393528064
06-Nov-2015,2098.60,2099.20,2101.91,2083.74,2605156608
09-Nov-2015,2096.56,2078.58,2096.56,2068.24,1516152192
10-Nov-2015,2077.19,2081.72,2083.67,2069.91,2262318848
11-Nov-2015,2083.41,2075.00,2086.94,2074.85,2172561152
12-Nov-2015,2072.29,2045.97,2072.29,2045.66,2434691584
13-Nov-2015,2044.64,2023.04,2044.64,2022.02,2635489024
16-Nov-2015,2022.08,2053.19,2053.22,2019.39,2380778496
17-Nov-2015,2053.67,2050.44,2066.69,2045.90,2617077760
18-Nov-2015,2051.99,2083.58,2085.31,2051.99,2397324032
19-Nov-2015,2083.70,2081.24,2086.74,2078.76,2208183296
20-Nov-2015,2082.82,2089.17,2097.06,2082.82,2380094464
23-Nov-2015,2089.41,2086.59,2095.61,2081.39,2094178432
24-Nov-2015,2084.42,2089.14,2094.12,2070.29,2272113152
25-Nov-2015,2089.30,2088.87,2093.00,2086.30,1630747520
27-Nov-2015,2088.82,2090.11,2093.29,2084.13,824905792
30-Nov-2015,2090.95,2080.41,2093.81,2080.41,2342307072
01-Dec-2015,2082.93,2102.63,2103.37,2082.93,2214891008
02-Dec-2015,2101.71,2079.51,2104.27,2077.11,2357917696
03-Dec-2015,2080.71,2049.62,2085.00,2042.35,2808775680
04-Dec-2015,2051.24,2091.69,2093.84,2051.24,2718413056
07-Dec-2015,2090.42,2077.07,2090.42,2066.78,2489775616
08-Dec-2015,2073.39,2063.59,2073.85,2052.32,2564422144
09-Dec-2015,2061.17,2047.62,2080.33,2036.53,2746087168
10-Dec-2015,2047.93,2052.23,2067.65,2045.67,2248197632
11-Dec-2015,2047.27,2012.37,2047.27,2008.80,2740300544
14-Dec-2015,2013.37,2021.94,2022.92,1993.26,2867117056
15-Dec-2015,2025.55,2043.41,2053.87,2025.55,2695609344
16-Dec-2015,2046.50,2073.07,2076.72,2042.43,2722534912
17-Dec-2015,2073.76,2041.89,2076.37,2041.66,2499733504
18-Dec-2015,2040.81,2005.55,2040.81,2005.33,4139086848
21-Dec-2015,2010.27,2021.15,2022.90,2005.93,2168002048
22-Dec-2015,2023.15,2038.97,2042.74,2020.49,1997804416
23-Dec-2015,2042.20,2064.29,2064.73,2042.20,2020649344
24-Dec-2015,2063.52,2060.99,2067.36,2058.73,786126720
28-Dec-2015,2057.77,2056.50,2057.77,2044.20,1348170624
29-Dec-2015,2060.54,2078.36,2081.56,2060.54,1435984896
30-Dec-2015,2077.34,2063.36,2077.34,2061.97,1260315392
31-Dec-2015,2060.59,2043.94,2062.54,2043.62,1500443520
04-Jan-2016,2038.20,2012.66,2038.20,1989.68,2805153024
05-Jan-2016,2013.78,2016.71,2021.94,2004.17,2373999872
06-Jan-2016,2011.71,1990.26,2011.71,1979.05,2821376768
07-Jan-2016,1985.32,1943.09,1985.32,1938.83,3252530176
08-Jan-2016,1945.97,1922.03,1960.40,1918.46,2921339648
11-Jan-2016,1926.12,1923.67,1935.65,1901.10,3021223936
12-Jan-2016,1927.83,1938.68,1947.38,1914.35,2943365888
13-Jan-2016,1940.34,1890.28,1950.33,1886.41,3400786688
14-Jan-2016,1891.68,1921.84,1934.47,1878.93,3424358912
15-Jan-2016,1916.68,1880.33,1916.68,1857.83,3874221824
19-Jan-2016,1888.66,1881.33,1901.44,1864.60,3207922944
20-Jan-2016,1876.18,1859.33,1876.18,1812.29,4269820672
21-Jan-2016,1861.46,1868.99,1889.85,1848.98,3344971776
22-Jan-2016,1877.40,1906.90,1908.85,1877.40,3126277632
25-Jan-2016,1906.28,1877.08,1906.28,1875.97,2786043392
26-Jan-2016,1878.79,1903.63,1906.73,1878.79,2737291008
27-Jan-2016,1902.52,1882.95,1916.99,1872.70,3075100672
28-Jan-2016,1885.22,1893.36,1902.96,1873.65,3235470848
29-Jan-2016,1894.00,1940.24,1940.24,1894.00,3669585664
01-Feb-2016,1936.94,1939.38,1947.20,1920.30,2750498560
02-Feb-2016,1935.26,1903.03,1935.26,1897.29,3008363264
03-Feb-2016,1907.07,1912.53,1918.01,1872.23,3546672384
04-Feb-2016,1911.67,1915.45,1927.35,1900.52,3385941248
05-Feb-2016,1913.07,1880.05,1913.07,1872.65,3368324352
08-Feb-2016,1873.25,1853.44,1873.25,1828.46,3818218240
09-Feb-2016,1848.46,1852.21,1868.25,1834.94,3315977472
10-Feb-2016,1857.10,1851.86,1881.60,1850.32,2864236288
11-Feb-2016,1847.00,1829.08,1847.00,1810.10,3602652672
12-Feb-2016,1833.40,1864.78,1864.78,1833.40,2887621376
16-Feb-2016,1871.44,1895.58,1895.77,1871.44,2865938944
17-Feb-2016,1898.80,1926.82,1930.68,1898.80,3065763072
18-Feb-2016,1927.57,1926.82,1930.00,1915.09,2765861376
19-Feb-2016,1916.74,1917.78,1918.78,1902.17,2662584576
22-Feb-2016,1924.44,1945.50,1946.70,1924.44,2444259840
23-Feb-2016,1942.38,1921.27,1942.38,1919.44,2395141632
24-Feb-2016,1917.56,1929.80,1932.08,1891.00,2615243264
25-Feb-2016,1931.87,1951.70,1951.83,1925.41,2273025280
26-Feb-2016,1954.95,1948.05,1962.96,1945.78,2557578240
29-Feb-2016,1947.13,1932.23,1958.27,1931.81,2624472064
01-Mar-2016,1937.09,1978.35,1978.35,1937.09,2921191424
02-Mar-2016,1976.60,1986.45,1986.51,1968.80,2642398208
03-Mar-2016,1985.60,1993.40,1993.69,1977.37,2707435264
04-Mar-2016,1994.01,1999.99,2009.13,1986.77,3091211264
07-Mar-2016,1996.11,2001.76,2006.12,1989.38,2608944128
08-Mar-2016,1996.88,1979.26,1996.88,1977.43,2546177792
09-Mar-2016,1981.44,1989.26,1992.69,1979.84,2313811200
10-Mar-2016,1990.97,1989.57,2005.08,1969.25,2554481920
11-Mar-2016,1994.71,2022.19,2022.37,1994.71,2355180800
14-Mar-2016,2019.27,2019.64,2024.57,2012.05,1988170368
15-Mar-2016,2015.27,2015.93,2015.94,2005.23,1988532224
16-Mar-2016,2014.24,2027.22,2032.02,2010.04,2427172352
17-Mar-2016,2026.90,2040.59,2046.24,2022.16,2653341696
18-Mar-2016,2041.16,2049.58,2052.36,2041.16,3924927744
21-Mar-2016,2047.88,2051.60,2053.91,2043.14,1963132416
22-Mar-2016,2048.64,2049.80,2056.60,2040.57,1968374912
23-Mar-2016,2048.55,2036.71,2048.55,2034.86,2068275200
24-Mar-2016,2032.48,2035.94,2036.04,2022.49,2026716672
28-Mar-2016,2037.89,2037.05,2042.67,2031.96,1639616384
29-Mar-2016,2035.75,2055.01,2055.91,2028.31,2137825024
30-Mar-2016,2058.27,2063.95,2072.21,2058.27,2048951808
31-Mar-2016,2063.77,2059.74,2067.92,2057.46,2222129920
01-Apr-2016,2056.62,2072.78,2075.07,2043.98,2246657536
04-Apr-2016,2073.19,2066.13,2074.02,2062.57,1999663488
05-Apr-2016,2062.50,2045.17,2062.50,2042.56,2440845312
06-Apr-2016,2045.56,2066.66,2067.33,2043.09,2276149760
07-Apr-2016,2063.01,2041.91,2063.01,2033.80,2367720448
08-Apr-2016,2045.54,2047.60,2060.63,2041.69,1961659648
11-Apr-2016,2050.23,2041.99,2062.93,2041.88,2080417536
12-Apr-2016,2043.72,2061.72,2065.05,2039.74,2409036288
13-Apr-2016,2065.92,2082.42,2083.18,2065.92,2535108352
14-Apr-2016,2082.89,2082.78,2087.84,2078.13,2182543616
15-Apr-2016,2083.10,2080.73,2083.22,2076.31,2196610048
18-Apr-2016,2078.83,2094.34,2094.66,2073.65,2039065344
19-Apr-2016,2096.05,2100.80,2104.05,2091.68,2364013824
20-Apr-2016,2101.52,2102.40,2111.05,2096.32,2461069568
21-Apr-2016,2102.09,2091.48,2103.78,2088.52,2579899904
22-Apr-2016,2091.49,2091.58,2094.32,2081.20,2509348608
25-Apr-2016,2089.37,2087.79,2089.37,2077.52,1990115584
26-Apr-2016,2089.84,2091.70,2096.87,2085.80,2196584704
27-Apr-2016,2092.33,2095.15,2099.89,2082.31,2594254336
28-Apr-2016,2090.93,2075.81,2099.30,2071.62,2725010688
29-Apr-2016,2071.82,2065.30,2073.85,2052.28,2909053952
02-May-2016,2067.17,2081.43,2083.42,2066.11,2302890240
03-May-2016,2077.18,2063.37,2077.18,2054.89,2528442368
04-May-2016,2060.30,2051.12,2060.30,2045.55,2393814272
05-May-2016,2052.95,2050.63,2060.23,2045.77,2292291840
06-May-2016,2047.77,2057.14,2057.72,2039.45,2241950976
09-May-2016,2057.55,2058.69,2064.15,2054.31,1985719936
10-May-2016,2062.63,2084.39,2084.87,2062.63,2073889536
11-May-2016,2083.29,2064.46,2083.29,2064.46,2234002688
12-May-2016,2067.17,2064.11,2073.99,2053.13,2295019776
13-May-2016,2062.50,2046.61,2066.79,2043.13,2179862272
16-May-2016,2046.53,2066.66,2071.88,2046.53,2103125760
17-May-2016,2065.04,2047.21,2065.69,2040.82,2478501632
18-May-2016,2044.38,2047.63,2060.61,2034.49,2559281920
19-May-2016,2044.21,2040.04,2044.21,2025.91,2290624256
20-May-2016,2041.88,2040.04,2058.35,2041.88,2252829696
23-May-2016,2052.23,2048.04,2055.58,2047.26,1870707840
24-May-2016,2052.65,2076.06,2079.67,2052.65,2146124672
25-May-2016,2078.93,2090.54,2094.73,2078.93,2224231424
26-May-2016,2091.44,2090.10,2094.30,2087.08,1884462592
27-May-2016,2090.06,2099.06,2099.06,2090.06,1738880768
31-May-2016,2100.13,2096.96,2103.48,2088.66,2630256128
01-Jun-2016,2093.94,2099.33,2100.97,2085.10,2065674112
02-Jun-2016,2097.71,2105.26,2105.26,2088.59,2168855552
03-Jun-2016,2104.07,2099.13,2104.07,2085.36,2133498240
06-Jun-2016,2100.83,2109.41,2113.36,2100.83,1941135360
07-Jun-2016,2110.18,2112.13,2119.22,2110.18,1997374208
08-Jun-2016,2112.71,2119.12,2120.55,2112.71,1880907008
09-Jun-2016,2115.65,2115.48,2117.64,2107.73,1890677504
10-Jun-2016,2109.57,2096.07,2109.57,2089.96,2057622144
13-Jun-2016,2091.75,2079.06,2098.12,2078.46,2050111872
14-Jun-2016,2076.65,2075.32,2081.30,2064.10,2265561344
15-Jun-2016,2077.60,2071.50,2085.65,2069.80,2118141440
16-Jun-2016,2066.36,2077.99,2079.62,2050.37,2147061888
17-Jun-2016,2078.20,2071.22,2078.20,2062.84,2919933952
20-Jun-2016,2075.58,2083.25,2100.66,2075.58,2147753216
21-Jun-2016,2085.19,2088.90,2093.66,2083.02,1964248960
22-Jun-2016,2089.75,2085.45,2099.71,2084.36,1868203776
23-Jun-2016,2092.80,2113.32,2113.32,2092.80,1938164864
24-Jun-2016,2103.81,2037.41,2103.81,2032.57,4529728000
27-Jun-2016,2031.45,2000.54,2031.45,1991.68,3367363072
28-Jun-2016,2006.67,2036.09,2036.09,2006.67,2723135744
29-Jun-2016,2042.69,2070.77,2073.13,2042.69,2590491904
30-Jun-2016,2073.17,2098.86,2098.94,2070.00,2840461056
01-Jul-2016,2099.34,2102.95,2108.71,2097.90,2109544576
05-Jul-2016,2095.05,2088.55,2095.05,2080.86,2193466624
06-Jul-2016,2084.43,2099.73,2100.72,2074.02,2337268224
07-Jul-2016,2100.42,2097.90,2109.08,2089.39,2094560640
08-Jul-2016,2106.97,2129.90,2131.71,2106.97,2194264832
11-Jul-2016,2131.72,2137.16,2143.16,2131.72,1900442368
12-Jul-2016,2139.50,2152.14,2155.40,2139.50,2307069440
13-Jul-2016,2153.81,2152.43,2156.45,2146.21,1933244032
14-Jul-2016,2157.88,2163.75,2168.99,2157.88,2060891008
15-Jul-2016,2165.13,2161.74,2169.05,2155.79,1953700096
18-Jul-2016,2162.04,2166.89,2168.35,2159.63,1851009664
19-Jul-2016,2163.79,2163.78,2164.63,2159.01,1922653952
20-Jul-2016,2166.10,2173.02,2175.63,2164.89,2070951040
21-Jul-2016,2172.91,2165.17,2174.56,2159.75,2242878976
22-Jul-2016,2166.47,2175.03,2175.11,2163.24,1948349824
25-Jul-2016,2173.71,2168.48,2173.71,2161.95,1858303232
26-Jul-2016,2168.97,2169.18,2173.54,2160.18,2156351488
27-Jul-2016,2169.81,2166.58,2174.98,2159.07,2522476544
28-Jul-2016,2166.05,2170.06,2172.85,2159.74,2201107968
29-Jul-2016,2168.83,2173.60,2177.09,2163.49,2439245824
01-Aug-2016,2173.15,2170.84,2178.29,2166.21,2110547712
02-Aug-2016,2169.94,2157.03,2170.20,2147.58,2412202496
03-Aug-2016,2156.81,2163.79,2163.79,2152.56,2108476416
04-Aug-2016,2163.51,2164.25,2168.19,2159.07,2000250624
05-Aug-2016,2168.79,2182.87,2182.87,2168.79,2243820544
08-Aug-2016,2183.76,2180.89,2185.44,2177.85,1884569856
09-Aug-2016,2182.24,2181.74,2187.66,2178.61,1724494336
10-Aug-2016,2182.81,2175.49,2183.41,2172.00,1752158976
11-Aug-2016,2177.97,2185.79,2188.45,2177.97,1847513984
12-Aug-2016,2183.74,2184.05,2186.28,2179.42,1655570176
15-Aug-2016,2186.08,2190.15,2193.81,2186.08,1684103040
16-Aug-2016,2186.24,2178.15,2186.24,2178.14,1884138880
17-Aug-2016,2177.84,2182.22,2183.08,2168.50,2068713088
18-Aug-2016,2181.90,2187.02,2187.03,2180.46,2030062208
19-Aug-2016,2184.24,2183.87,2185.00,2175.13,1917441408
22-Aug-2016,2181.58,2182.64,2185.15,2175.96,1660393216
23-Aug-2016,2187.81,2186.90,2193.42,2186.80,1779814272
24-Aug-2016,2185.09,2175.44,2186.66,2171.25,1796275840
25-Aug-2016,2173.29,2172.47,2179.00,2169.74,1841177856
26-Aug-2016,2175.10,2169.04,2187.94,2160.39,1903527936
29-Aug-2016,2170.19,2180.38,2183.48,2170.19,1619841408
30-Aug-2016,2179.45,2176.12,2182.27,2170.41,1754723840
31-Aug-2016,2173.56,2170.95,2173.79,2161.35,2126060160
01-Sep-2016,2171.33,2170.86,2173.56,2157.09,1966681216
02-Sep-2016,2177.49,2179.98,2184.87,2173.59,1764708736
06-Sep-2016,2181.61,2186.48,2186.57,2175.10,2104150144
07-Sep-2016,2185.17,2186.16,2187.87,2179.07,1940703232
08-Sep-2016,2182.76,2181.30,2184.94,2177.49,2197654016
09-Sep-2016,2169.08,2127.81,2169.08,2127.81,2643520768
12-Sep-2016,2120.86,2159.04,2163.30,2119.12,2509046272
13-Sep-2016,2150.47,2127.02,2150.47,2120.27,2543776768
14-Sep-2016,2127.86,2125.77,2141.33,2119.90,2329223936
15-Sep-2016,2125.36,2147.26,2151.31,2122.36,2206424064
16-Sep-2016,2146.48,2139.16,2146.48,2131.20,3237792768
19-Sep-2016,2143.99,2139.12,2153.61,2135.91,1965361664
20-Sep-2016,2145.94,2139.76,2150.80,2139.17,1888721152
21-Sep-2016,2144.58,2163.12,2165.11,2139.57,2265297664
22-Sep-2016,2170.94,2177.18,2179.99,2170.94,2070525568
23-Sep-2016,2173.29,2164.69,2173.75,2163.97,1918904448
26-Sep-2016,2158.54,2146.10,2158.54,2145.04,1908513024
27-Sep-2016,2146.04,2159.93,2161.13,2141.55,2008628608
28-Sep-2016,2161.85,2171.37,2172.40,2151.79,2138279680
29-Sep-2016,2168.90,2151.13,2172.67,2145.20,2426273536
30-Sep-2016,2156.51,2168.27,2175.30,2156.51,2651836416
03-Oct-2016,2164.33,2161.20,2164.41,2154.77,1796125696
04-Oct-2016,2163.37,2150.49,2165.46,2144.01,2126973696
05-Oct-2016,2155.15,2159.73,2163.95,2155.15,2231244288
06-Oct-2016,2158.22,2160.77,2162.93,2150.28,1976830080
07-Oct-2016,2164.19,2153.74,2165.86,2144.85,2084627968
10-Oct-2016,2160.39,2163.66,2169.60,2160.39,1709775104
11-Oct-2016,2161.35,2136.73,2161.56,2128.84,2183280128
12-Oct-2016,2137.67,2139.18,2145.36,2132.77,1788235520
13-Oct-2016,2130.26,2132.55,2138.19,2114.72,2184545792
14-Oct-2016,2139.68,2132.98,2149.19,2132.98,1973881344
17-Oct-2016,2132.95,2126.50,2135.61,2124.43,1773140480
18-Oct-2016,2138.31,2139.60,2144.38,2135.49,1903903488
19-Oct-2016,2140.81,2144.29,2148.44,2138.15,2122469376
20-Oct-2016,2142.51,2141.34,2147.18,2133.44,2260930048
21-Oct-2016,2139.43,2141.16,2142.63,2130.09,2375104512
24-Oct-2016,2148.50,2151.33,2154.79,2146.91,2033249024
25-Oct-2016,2149.72,2143.16,2151.44,2141.93,2221722624
26-Oct-2016,2136.97,2139.43,2145.73,2131.59,2278087936
27-Oct-2016,2144.06,2133.04,2147.13,2132.52,2418221824
28-Oct-2016,2132.23,2126.41,2140.72,2119.36,2494644224
31-Oct-2016,2129.78,2126.15,2133.25,2125.53,2345086976
01-Nov-2016,2128.68,2111.72,2131.45,2097.85,2571849216
02-Nov-2016,2109.43,2097.94,2111.76,2094.00,2524674816
03-Nov-2016,2098.80,2088.66,2102.56,2085.23,2385278976
04-Nov-2016,2083.79,2085.18,2099.07,2083.79,2351329792
07-Nov-2016,2100.59,2131.52,2132.00,2100.59,2293373440
08-Nov-2016,2129.92,2139.56,2146.87,2123.56,2197247744
09-Nov-2016,2131.56,2163.26,2170.10,2125.35,4013795328
10-Nov-2016,2167.49,2167.48,2182.30,2151.17,4098964224
11-Nov-2016,2162.71,2164.45,2165.92,2152.49,2969670400
14-Nov-2016,2165.64,2164.20,2171.36,2156.08,3360132352
15-Nov-2016,2168.29,2180.39,2180.84,2166.38,2769872384
16-Nov-2016,2177.53,2176.94,2179.22,2172.20,2311500032
17-Nov-2016,2178.61,2187.12,2188.06,2176.65,2394237696
18-Nov-2016,2186.85,2181.90,2189.89,2180.38,2271246848
21-Nov-2016,2186.43,2198.18,2198.70,2186.43,2142889344
22-Nov-2016,2201.56,2202.94,2204.80,2194.51,2371933184
23-Nov-2016,2198.55,2204.72,2204.72,2194.51,2041046912
25-Nov-2016,2206.27,2213.35,2213.35,2206.27,926046656
28-Nov-2016,2210.21,2201.72,2211.14,2200.36,2039660288
29-Nov-2016,2200.76,2204.66,2210.46,2198.15,2103461760
30-Nov-2016,2204.97,2198.81,2214.10,2198.81,3222106112
01-Dec-2016,2200.17,2191.08,2202.60,2187.44,3046658816
02-Dec-2016,2191.12,2191.95,2197.95,2188.37,2187303680
05-Dec-2016,2200.65,2204.71,2209.42,2199.97,2352446976
06-Dec-2016,2207.26,2212.23,2212.78,2202.21,2175854336
07-Dec-2016,2210.72,2241.35,2241.63,2208.93,2727935488
08-Dec-2016,2241.13,2246.19,2251.69,2237.57,2430430976
09-Dec-2016,2249.73,2259.53,2259.80,2249.23,2188090880
12-Dec-2016,2258.83,2256.96,2264.03,2252.37,2356332800
13-Dec-2016,2263.32,2271.72,2277.53,2263.32,2315791104
14-Dec-2016,2268.35,2253.28,2276.20,2248.44,2681775104
15-Dec-2016,2253.77,2262.03,2272.12,2253.77,2417744128
16-Dec-2016,2266.81,2258.07,2268.05,2254.24,3663854848
19-Dec-2016,2259.24,2262.53,2267.47,2258.21,1870669312
20-Dec-2016,2266.50,2270.76,2272.56,2266.14,1811262848
21-Dec-2016,2270.54,2265.18,2271.23,2265.15,1581188992
22-Dec-2016,2262.93,2260.96,2263.18,2256.08,1704527104
23-Dec-2016,2260.25,2263.79,2263.79,2258.84,1079336576
27-Dec-2016,2266.23,2268.88,2273.82,2266.15,1087114240
28-Dec-2016,2270.23,2249.92,2271.31,2249.11,1353721088
29-Dec-2016,2249.50,2249.26,2254.51,2244.56,1264689920
30-Dec-2016,2251.61,2238.83,2253.58,2233.62,1580292736
03-Jan-2017,2251.57,2257.83,2263.88,2245.13,2265864448
04-Jan-2017,2261.60,2270.75,2272.82,2261.60,2100113536
05-Jan-2017,2268.18,2269.00,2271.50,2260.45,2191474176
06-Jan-2017,2271.14,2276.98,2282.10,2264.06,1941059200
09-Jan-2017,2273.59,2268.90,2275.49,2268.90,1904075776
10-Jan-2017,2269.72,2268.90,2279.27,2265.27,2134411136
11-Jan-2017,2268.60,2275.32,2275.32,2260.83,2110331776
12-Jan-2017,2271.14,2270.44,2271.78,2254.25,1939828608
13-Jan-2017,2272.74,2274.64,2278.68,2271.51,1794819840
17-Jan-2017,2269.14,2267.89,2272.08,2262.81,2203876352
18-Jan-2017,2269.14,2271.89,2272.01,2263.35,2021929344
19-Jan-2017,2271.90,2263.69,2274.33,2258.41,2041193216
20-Jan-2017,2269.96,2271.31,2276.96,2265.01,2316123648
23-Jan-2017,2267.78,2265.20,2271.78,2257.02,2001527552
24-Jan-2017,2267.88,2280.07,2284.63,2266.68,2236611840
25-Jan-2017,2288.88,2298.37,2299.55,2288.88,2510801920
26-Jan-2017,2298.63,2296.68,2300.99,2294.08,2322697728
27-Jan-2017,2299.02,2294.69,2299.02,2291.62,1995115520
30-Jan-2017,2286.01,2280.90,2286.01,2268.04,2093029376
31-Jan-2017,2274.02,2278.87,2279.09,2267.21,2495172864
01-Feb-2017,2285.59,2279.55,2289.14,2272.44,2468037888
02-Feb-2017,2276.69,2280.85,2283.97,2271.65,2300328448
03-Feb-2017,2288.54,2297.42,2298.31,2287.88,2221381632
06-Feb-2017,2294.28,2292.56,2296.18,2288.57,1896706688
07-Feb-2017,2295.87,2293.08,2299.40,2290.16,2067953536
08-Feb-2017,2289.55,2294.67,2295.91,2285.38,2096393472
09-Feb-2017,2296.70,2307.87,2311.08,2296.61,2101493632
10-Feb-2017,2312.27,2316.10,2319.23,2311.10,2051862016
13-Feb-2017,2321.72,2328.25,2331.58,2321.42,1966217344
14-Feb-2017,2326.12,2337.58,2337.58,2322.17,2159445760
15-Feb-2017,2335.58,2349.25,2351.30,2334.81,2248642560
16-Feb-2017,2349.64,2347.22,2351.31,2338.87,2078147968
17-Feb-2017,2343.01,2351.16,2351.16,2339.58,2114874624
21-Feb-2017,2354.91,2365.38,2366.71,2354.91,2112997504
22-Feb-2017,2361.11,2362.82,2365.13,2358.34,1938779392
23-Feb-2017,2367.50,2363.81,2368.26,2355.09,2208780032
24-Feb-2017,2355.73,2367.34,2367.34,2352.87,2186527488
27-Feb-2017,2365.23,2369.75,2371.54,2361.87,1879659008
28-Feb-2017,2366.08,2363.64,2367.79,2358.96,2549053440
01-Mar-2017,2380.13,2395.96,2400.98,2380.13,2573170688
02-Mar-2017,2394.75,2381.92,2394.75,2380.17,2122274688
03-Mar-2017,2380.92,2383.12,2383.89,2375.39,1837162624
06-Mar-2017,2375.23,2375.31,2378.80,2367.98,1893401856
07-Mar-2017,2370.74,2368.39,2375.12,2365.51,1925454208
08-Mar-2017,2369.81,2362.98,2373.09,2361.01,2090916224
09-Mar-2017,2363.49,2364.87,2369.08,2354.54,2024329856
10-Mar-2017,2372.52,2372.60,2376.86,2363.04,2021917568
13-Mar-2017,2371.56,2373.47,2374.42,2368.52,1816998656
14-Mar-2017,2368.55,2365.45,2368.55,2358.18,1687667968
15-Mar-2017,2370.34,2385.26,2390.01,2368.94,2144440832
16-Mar-2017,2387.71,2381.38,2388.10,2377.18,1891064832
17-Mar-2017,2383.71,2378.25,2385.71,2377.64,3368310784
20-Mar-2017,2378.24,2373.47,2379.55,2369.66,1783800064
21-Mar-2017,2379.32,2344.02,2381.93,2341.90,2611747584
22-Mar-2017,2343.00,2348.45,2351.81,2336.45,2173997824
23-Mar-2017,2345.97,2345.96,2358.92,2342.13,1961779328
24-Mar-2017,2350.42,2343.98,2356.22,2335.74,1967734400
27-Mar-2017,2329.11,2341.59,2344.90,2322.25,1952753024
28-Mar-2017,2339.79,2358.57,2363.78,2337.63,1980833792
29-Mar-2017,2356.54,2361.13,2363.36,2352.94,1763449344
30-Mar-2017,2361.31,2368.06,2370.42,2358.58,1881483648
31-Mar-2017,2364.82,2362.72,2370.35,2362.60,1984522496
03-Apr-2017,2362.34,2358.84,2365.87,2344.73,2126551040
04-Apr-2017,2354.76,2360.16,2360.53,2350.72,1828067840
05-Apr-2017,2366.59,2352.95,2378.36,2350.52,2144699392
06-Apr-2017,2353.79,2357.49,2364.16,2348.90,1829620992
07-Apr-2017,2356.59,2355.54,2363.76,2350.74,1715217920
10-Apr-2017,2357.16,2357.16,2366.37,2351.50,1601923328
11-Apr-2017,2353.92,2353.78,2355.22,2337.25,1803976576
12-Apr-2017,2352.15,2344.93,2352.72,2341.18,1922826368
13-Apr-2017,2341.98,2328.95,2348.26,2328.95,1775558912
17-Apr-2017,2332.62,2349.01,2349.14,2332.51,1612087808
18-Apr-2017,2342.53,2342.19,2348.35,2334.54,1892193280
19-Apr-2017,2346.79,2338.17,2352.63,2335.05,1985291776
20-Apr-2017,2342.69,2355.84,2361.37,2340.91,2100736896
21-Apr-2017,2354.74,2348.69,2356.18,2344.51,2106063616
24-Apr-2017,2370.33,2374.15,2376.98,2369.19,2264725248
25-Apr-2017,2381.51,2388.61,2392.48,2381.15,2332163328
26-Apr-2017,2388.98,2387.45,2398.16,2386.76,2342655744
27-Apr-2017,2389.70,2388.77,2392.10,2382.68,2252983808
28-Apr-2017,2393.68,2384.20,2393.68,2382.36,2270713600
01-May-2017,2388.50,2388.33,2394.49,2384.83,1891391104
02-May-2017,2391.05,2391.17,2392.93,2385.82,2206525952
03-May-2017,2386.50,2388.13,2389.82,2379.75,2292986624
04-May-2017,2389.79,2389.52,2391.43,2380.35,2279660032
05-May-2017,2392.37,2399.29,2399.29,2389.38,1830337280
08-May-2017,2399.94,2399.38,2401.36,2393.92,1853959936
09-May-2017,2401.58,2396.92,2403.87,2392.44,1906212096
10-May-2017,2396.79,2399.63,2399.74,2392.79,2017146624
11-May-2017,2394.84,2394.44,2395.72,2381.74,2042279936
12-May-2017,2392.44,2390.90,2392.44,2387.19,1804928768
15-May-2017,2393.98,2402.32,2404.05,2393.94,1916259584
16-May-2017,2404.55,2400.67,2405.77,2396.05,1954952448
17-May-2017,2382.95,2357.03,2384.87,2356.21,2602121984
18-May-2017,2354.69,2365.72,2375.74,2352.72,2288388864
19-May-2017,2371.37,2381.73,2389.06,2370.43,2254659072
22-May-2017,2387.21,2394.02,2395.46,2386.92,1815009024
23-May-2017,2397.04,2398.42,2400.85,2393.88,1768567296
24-May-2017,2401.41,2404.39,2405.58,2397.99,1823381120
25-May-2017,2409.54,2415.07,2418.71,2408.01,2012491008
26-May-2017,2414.50,2415.82,2416.68,2412.20,1529456000
30-May-2017,2411.67,2412.91,2415.26,2409.43,1781591552
31-May-2017,2415.63,2411.80,2415.99,2403.59,2647656448
01-Jun-2017,2415.65,2430.06,2430.06,2413.54,2139096960
02-Jun-2017,2431.28,2439.07,2440.23,2427.71,2028364416
05-Jun-2017,2437.83,2436.10,2439.55,2434.32,1703634560
06-Jun-2017,2431.92,2429.33,2436.21,2428.12,1903033728
07-Jun-2017,2432.03,2433.14,2435.28,2424.75,1996951552
08-Jun-2017,2434.27,2433.79,2439.27,2427.94,2215198208
09-Jun-2017,2436.39,2431.77,2446.20,2415.70,2500098560
12-Jun-2017,2425.88,2429.39,2430.38,2419.97,2626092288
13-Jun-2017,2434.15,2440.35,2441.49,2431.28,2036034304
14-Jun-2017,2443.75,2437.92,2443.75,2428.34,2062433664
15-Jun-2017,2424.14,2432.46,2433.95,2418.53,2037335168
16-Jun-2017,2431.24,2433.15,2433.15,2422.88,3410599168
19-Jun-2017,2442.55,2453.46,2453.82,2441.79,1839756672
20-Jun-2017,2450.66,2437.03,2450.66,2436.60,1904209280
21-Jun-2017,2439.31,2435.61,2442.23,2430.74,2073463424
22-Jun-2017,2437.40,2434.50,2441.62,2433.27,1873191040
23-Jun-2017,2434.65,2438.30,2441.40,2431.11,2728437504
26-Jun-2017,2443.32,2439.07,2450.42,2437.03,1755256960
27-Jun-2017,2436.34,2419.38,2440.15,2419.38,1965055744
28-Jun-2017,2428.70,2440.69,2442.97,2428.02,1930582528
29-Jun-2017,2442.38,2419.70,2442.73,2405.70,2363867136
30-Jun-2017,2429.20,2423.41,2432.71,2421.65,2024176640
03-Jul-2017,2431.39,2429.01,2439.17,2428.69,1176801152
05-Jul-2017,2430.78,2432.54,2434.90,2422.05,1913276544
06-Jul-2017,2423.44,2409.75,2424.28,2407.70,1993798016
07-Jul-2017,2413.52,2425.18,2426.92,2413.52,1629059200
10-Jul-2017,2424.51,2427.43,2432.00,2422.27,1685378688
11-Jul-2017,2427.35,2425.53,2429.30,2412.79,1664970496
12-Jul-2017,2435.75,2443.25,2445.76,2435.75,1783386368
13-Jul-2017,2444.99,2447.83,2449.32,2441.69,1756334080
17-Jul-2017,2459.50,2459.14,2462.82,2457.16,1586234880
18-Jul-2017,2455.88,2460.61,2460.92,2450.34,1657082496
19-Jul-2017,2463.85,2473.83,2473.83,2463.85,1795965696
20-Jul-2017,2475.56,2473.45,2477.62,2468.43,1956491520
21-Jul-2017,2467.40,2472.54,2472.54,2465.06,1889938816
24-Jul-2017,2472.04,2469.91,2473.10,2466.32,1851901056
25-Jul-2017,2477.88,2477.13,2481.24,2474.91,2290697472
26-Jul-2017,2479.97,2477.83,2481.69,2474.94,2058644864
27-Jul-2017,2482.76,2475.42,2484.04,2459.93,2542081792
28-Jul-2017,2469.12,2472.10,2473.53,2464.66,2024405760
31-Jul-2017,2475.94,2470.30,2477.96,2468.53,2097084544
01-Aug-2017,2477.10,2476.35,2478.51,2471.14,2008236160
02-Aug-2017,2480.38,2477.57,2480.38,2466.48,2068539776
03-Aug-2017,2476.03,2472.16,2476.03,2468.85,2000896000
04-Aug-2017,2476.88,2476.83,2480.00,2472.08,1829225984
07-Aug-2017,2477.14,2480.91,2480.95,2475.88,1592684928
08-Aug-2017,2478.35,2474.92,2490.87,2470.32,1802244736
09-Aug-2017,2465.35,2474.02,2474.41,2462.08,1793456512
10-Aug-2017,2465.38,2438.21,2465.38,2437.75,2024617216
11-Aug-2017,2441.04,2441.32,2448.09,2437.85,1616982656
14-Aug-2017,2454.96,2465.84,2468.22,2454.96,1543002496
15-Aug-2017,2468.66,2464.61,2468.90,2461.61,1691318272
16-Aug-2017,2468.63,2468.11,2474.93,2463.86,1689568512
17-Aug-2017,2462.95,2430.01,2465.02,2430.01,1917466368
18-Aug-2017,2427.64,2425.55,2440.27,2420.69,1902942720
21-Aug-2017,2425.50,2428.37,2430.58,2417.35,1566051200
22-Aug-2017,2433.75,2452.51,2454.77,2433.67,1517565056
23-Aug-2017,2444.88,2444.04,2448.91,2441.42,1531116416
24-Aug-2017,2447.91,2438.97,2450.39,2436.19,1641081088
25-Aug-2017,2444.72,2443.05,2453.96,2442.22,1488550528
28-Aug-2017,2447.35,2444.24,2449.12,2439.03,1445332736
29-Aug-2017,2431.94,2446.30,2449.19,2428.20,1480249216
30-Aug-2017,2446.06,2457.59,2460.31,2443.77,1520847104
31-Aug-2017,2462.65,2471.65,2475.01,2462.65,2007535488
01-Sep-2017,2474.42,2476.55,2480.38,2473.85,1495947136
05-Sep-2017,2470.35,2457.85,2471.97,2446.55,2005627008
06-Sep-2017,2463.83,2465.54,2469.64,2459.20,2006916608
07-Sep-2017,2468.06,2465.10,2468.62,2460.29,2050843264
08-Sep-2017,2462.25,2461.43,2467.11,2459.40,1943965312
11-Sep-2017,2474.52,2488.11,2488.95,2474.52,1874812160
12-Sep-2017,2491.94,2496.48,2496.77,2490.37,1897500672
13-Sep-2017,2493.89,2498.37,2498.37,2492.14,1870029824
14-Sep-2017,2494.56,2495.62,2498.43,2491.35,1884855808
15-Sep-2017,2495.67,2500.23,2500.23,2493.16,2881157888
18-Sep-2017,2502.51,2503.87,2508.32,2499.92,1848455040
19-Sep-2017,2506.29,2506.65,2507.84,2503.19,1823473152
20-Sep-2017,2506.84,2508.24,2508.85,2496.67,2007608448
21-Sep-2017,2507.16,2500.60,2507.16,2499.00,1677822848
22-Sep-2017,2497.26,2502.22,2503.47,2496.54,1629500672
25-Sep-2017,2499.39,2496.66,2502.54,2488.03,1978136448
26-Sep-2017,2501.04,2496.84,2503.51,2495.12,1767835904
27-Sep-2017,2503.30,2507.04,2511.75,2495.91,1971339392
28-Sep-2017,2503.41,2510.06,2510.81,2502.93,1767377792
29-Sep-2017,2509.96,2519.36,2519.44,2507.99,1758906112
02-Oct-2017,2521.20,2529.12,2529.23,2520.40,1810963968
03-Oct-2017,2530.34,2534.58,2535.13,2528.85,1629769856
04-Oct-2017,2533.48,2537.74,2540.53,2531.80,1647952768
05-Oct-2017,2540.86,2552.07,2552.51,2540.02,1679389952
06-Oct-2017,2547.44,2549.33,2549.41,2543.79,1584131200
09-Oct-2017,2551.39,2544.73,2551.82,2541.60,1431462528
10-Oct-2017,2549.99,2550.64,2555.23,2544.86,1685419520
11-Oct-2017,2550.62,2555.24,2555.24,2547.95,1762857600
12-Oct-2017,2552.88,2550.93,2555.33,2548.31,1986378240
13-Oct-2017,2555.66,2553.17,2557.65,2552.09,1856673920
16-Oct-2017,2555.57,2557.64,2559.47,2552.64,1702638720
17-Oct-2017,2557.17,2559.36,2559.71,2554.69,1743292928
18-Oct-2017,2562.87,2561.26,2564.11,2559.67,1760157696
19-Oct-2017,2553.39,2562.10,2562.36,2547.92,1850914304
20-Oct-2017,2567.56,2575.21,2575.44,2567.56,2127459840
23-Oct-2017,2578.08,2564.98,2578.29,2564.33,1967366912
24-Oct-2017,2568.66,2569.13,2572.18,2565.58,2037622528
25-Oct-2017,2566.52,2557.15,2567.40,2544.00,2263522816
26-Oct-2017,2560.08,2560.40,2567.07,2559.80,2181257728
27-Oct-2017,2570.26,2581.07,2582.98,2565.94,2502744320
30-Oct-2017,2577.75,2572.83,2580.03,2568.25,2147227520
31-Oct-2017,2575.99,2575.26,2578.29,2572.15,2211130880
01-Nov-2017,2583.21,2579.36,2588.40,2574.92,2138623744
02-Nov-2017,2579.46,2579.85,2581.11,2566.17,2357764096
03-Nov-2017,2581.93,2587.84,2588.42,2576.77,2001727232
06-Nov-2017,2587.47,2591.13,2593.38,2585.66,2009682560
07-Nov-2017,2592.11,2590.64,2597.02,2584.35,2045185024
08-Nov-2017,2588.71,2594.38,2595.47,2585.02,2013852928
09-Nov-2017,2584.00,2584.62,2586.50,2566.33,2149598208
10-Nov-2017,2580.18,2582.30,2583.81,2575.57,1976995712
13-Nov-2017,2576.53,2584.84,2587.66,2574.48,2029289344
14-Nov-2017,2577.75,2578.87,2579.66,2566.56,2166810880
15-Nov-2017,2569.45,2564.62,2572.84,2557.45,2059000192
16-Nov-2017,2572.95,2585.64,2590.09,2572.95,2001485568
17-Nov-2017,2582.94,2578.85,2583.96,2577.62,1986502016
20-Nov-2017,2579.49,2582.14,2584.64,2578.24,1743971456
21-Nov-2017,2589.17,2599.03,2601.19,2589.17,1869509888
22-Nov-2017,2600.31,2597.08,2600.94,2595.23,1581305344
24-Nov-2017,2600.42,2602.42,2604.21,2600.42,738993216
27-Nov-2017,2602.66,2601.42,2606.41,2598.87,1665193600
28-Nov-2017,2605.94,2627.04,2627.69,2605.44,1995334144
29-Nov-2017,2627.82,2626.07,2634.89,2620.32,2620543232
30-Nov-2017,2633.93,2647.58,2657.74,2633.93,3026542848
01-Dec-2017,2645.10,2642.22,2650.62,2605.52,2458475264
04-Dec-2017,2657.19,2639.44,2665.19,2639.03,2693446656
05-Dec-2017,2639.78,2629.57,2648.72,2627.73,2194970112
06-Dec-2017,2626.24,2629.27,2634.41,2624.75,1903629696
07-Dec-2017,2628.38,2636.98,2640.99,2626.53,1933267328
08-Dec-2017,2646.21,2651.50,2651.65,2644.10,1810793472
11-Dec-2017,2652.19,2659.99,2660.33,2651.47,1775251584
12-Dec-2017,2661.73,2664.11,2669.72,2659.78,1977181824
13-Dec-2017,2667.59,2662.85,2671.88,2662.85,1931148416
14-Dec-2017,2665.87,2652.01,2668.09,2652.01,1974812928
15-Dec-2017,2660.63,2675.81,2679.63,2659.14,3472946176
18-Dec-2017,2685.92,2690.16,2694.97,2685.92,2092151424
19-Dec-2017,2692.71,2681.47,2694.44,2680.74,1907656576
20-Dec-2017,2688.18,2679.25,2691.01,2676.11,1937403264
21-Dec-2017,2683.02,2684.57,2692.64,2682.40,1933795072
22-Dec-2017,2684.22,2683.34,2685.35,2678.13,1383888512
26-Dec-2017,2679.09,2680.50,2682.74,2677.96,1103808384
27-Dec-2017,2682.10,2682.62,2685.64,2678.91,1149108352
28-Dec-2017,2686.10,2687.54,2687.66,2682.69,1126089856
29-Dec-2017,2689.15,2673.61,2692.12,2673.61,1332374016
02-Jan-2018,2683.73,2695.81,2695.89,2682.36,1846463232
03-Jan-2018,2697.85,2713.06,2714.37,2697.77,2090595328
04-Jan-2018,2719.31,2723.99,2729.29,2719.07,2100767744
05-Jan-2018,2731.33,2743.15,2743.45,2727.92,1918869120
08-Jan-2018,2742.67,2747.71,2748.51,2737.60,1894823936
09-Jan-2018,2751.15,2751.29,2759.14,2747.86,1957263872
10-Jan-2018,2745.55,2748.23,2750.80,2736.06,2048867328
11-Jan-2018,2752.97,2767.56,2767.56,2752.78,1978592384
12-Jan-2018,2770.18,2786.24,2787.85,2769.64,2108422912
16-Jan-2018,2798.96,2776.42,2807.54,2768.64,2532135680
17-Jan-2018,2784.99,2802.56,2807.04,2778.38,2358957312
18-Jan-2018,2802.40,2798.03,2805.83,2792.56,2208384000
19-Jan-2018,2802.60,2810.30,2810.33,2798.08,2374764288
22-Jan-2018,2809.16,2832.97,2833.03,2808.12,2088180864
23-Jan-2018,2835.05,2839.13,2842.24,2830.59,2149982976
24-Jan-2018,2845.42,2837.54,2852.97,2824.81,2391178240
25-Jan-2018,2846.24,2839.25,2848.56,2830.94,2290282496
26-Jan-2018,2847.48,2872.87,2872.87,2846.18,2159136256
29-Jan-2018,2867.23,2853.53,2870.62,2851.48,2086406528
30-Jan-2018,2832.74,2822.43,2837.75,2818.27,2339843584
31-Jan-2018,2832.41,2823.81,2839.26,2813.04,2649383424
01-Feb-2018,2816.45,2821.98,2835.96,2812.70,2406066688
02-Feb-2018,2808.92,2762.13,2808.92,2759.97,2629697792
05-Feb-2018,2741.06,2648.94,2763.39,2638.17,3388212992
06-Feb-2018,2614.78,2695.14,2701.04,2593.07,3851964160
07-Feb-2018,2690.95,2681.66,2727.67,2681.33,2753322240
08-Feb-2018,2685.01,2581.00,2685.27,2580.56,3171145728
09-Feb-2018,2601.78,2619.55,2638.67,2532.69,3614218240
12-Feb-2018,2636.75,2656.00,2672.61,2622.45,2572994048
13-Feb-2018,2646.27,2662.94,2668.84,2637.08,2006957184
14-Feb-2018,2651.21,2698.63,2702.10,2648.87,2340877056
15-Feb-2018,2713.46,2731.20,2731.51,2689.82,2217867776
16-Feb-2018,2727.14,2732.22,2754.42,2725.11,2156744192
20-Feb-2018,2722.99,2716.26,2737.60,2706.76,2065143424
21-Feb-2018,2720.53,2701.33,2747.75,2701.29,2153678592
22-Feb-2018,2710.42,2703.96,2731.26,2697.77,2056350976
23-Feb-2018,2715.80,2747.30,2747.76,2713.74,1847129216
26-Feb-2018,2757.37,2779.60,2780.64,2753.78,2069083648
27-Feb-2018,2780.45,2744.28,2789.15,2744.22,2322243840
28-Feb-2018,2753.78,2713.83,2761.52,2713.54,2520861696
01-Mar-2018,2715.22,2677.67,2730.89,2659.65,2727014656
02-Mar-2018,2658.89,2691.25,2696.25,2647.32,2370240000
05-Mar-2018,2681.06,2720.94,2728.09,2675.75,2302022912
06-Mar-2018,2730.18,2728.12,2732.08,2711.26,2024807936
07-Mar-2018,2710.18,2726.80,2730.60,2701.74,2048011904
08-Mar-2018,2732.75,2738.97,2740.45,2722.65,1925866880
09-Mar-2018,2752.91,2786.57,2786.57,2751.54,2067569536
12-Mar-2018,2790.54,2783.02,2796.98,2779.26,2066356736
13-Mar-2018,2792.31,2765.31,2801.90,2758.68,2181562112
14-Mar-2018,2774.06,2749.48,2777.11,2744.38,2079983360
15-Mar-2018,2754.27,2747.33,2763.03,2741.47,1935529088
16-Mar-2018,2750.57,2752.01,2761.85,2749.97,3318220800
19-Mar-2018,2741.38,2712.92,2741.38,2694.59,2126426240
20-Mar-2018,2715.05,2716.94,2724.22,2710.05,2039159552
21-Mar-2018,2714.99,2711.93,2739.14,2709.79,2045064192
22-Mar-2018,2691.36,2643.69,2695.68,2641.59,2428265216
23-Mar-2018,2646.71,2588.26,2657.67,2585.89,2479592704
26-Mar-2018,2619.35,2658.55,2661.36,2601.81,2353773568
27-Mar-2018,2667.57,2612.62,2674.78,2596.12,2446667008
28-Mar-2018,2611.30,2605.00,2632.65,2593.06,2480309248
29-Mar-2018,2614.41,2640.87,2659.07,2609.72,2299425280
02-Apr-2018,2633.45,2581.88,2638.30,2553.80,2407973888
03-Apr-2018,2592.17,2614.45,2619.14,2575.49,2100823040
04-Apr-2018,2584.04,2644.69,2649.86,2573.61,2152514304
05-Apr-2018,2657.36,2662.84,2672.08,2649.58,1943466368
06-Apr-2018,2645.82,2604.47,2656.88,2586.27,2085872640
09-Apr-2018,2617.18,2613.16,2653.55,2610.79,1848787712
10-Apr-2018,2638.41,2656.87,2665.45,2635.78,2091518208
11-Apr-2018,2643.89,2642.19,2661.43,2639.25,1740774144
12-Apr-2018,2653.83,2663.99,2674.72,2653.83,1907272960
13-Apr-2018,2676.90,2656.30,2680.26,2645.05,1797291136
16-Apr-2018,2670.10,2677.84,2686.49,2665.16,1842305536
17-Apr-2018,2692.74,2706.39,2713.34,2692.05,1919667200
18-Apr-2018,2710.11,2708.64,2717.49,2703.63,1986302592
19-Apr-2018,2701.16,2693.13,2702.84,2681.90,2142193024
20-Apr-2018,2692.56,2670.14,2693.94,2660.61,2279168256
23-Apr-2018,2675.40,2670.29,2682.86,2657.99,1830935040
24-Apr-2018,2680.80,2634.56,2683.55,2617.32,2358410752
25-Apr-2018,2634.92,2639.40,2645.30,2612.67,2131949056
26-Apr-2018,2651.65,2666.94,2676.48,2647.16,2340543232
27-Apr-2018,2675.47,2669.91,2677.35,2659.01,2032982912
30-Apr-2018,2675.05,2648.05,2682.92,2648.04,2235965696
01-May-2018,2643.64,2654.80,2655.27,2625.41,2101716480
02-May-2018,2654.24,2635.67,2660.87,2631.70,2286611200
03-May-2018,2628.08,2629.73,2637.14,2594.62,2341679872
04-May-2018,2621.45,2663.42,2670.93,2615.32,1892147456
07-May-2018,2669.36,2672.63,2683.35,2664.70,1866427776
08-May-2018,2670.26,2671.92,2676.34,2655.20,2059159168
09-May-2018,2678.12,2697.79,2701.27,2674.14,2036061056
10-May-2018,2705.02,2723.07,2726.11,2704.54,1767556224
11-May-2018,2722.70,2727.72,2732.86,2717.45,1726833664
14-May-2018,2733.37,2730.13,2742.10,2725.47,1776892544
15-May-2018,2718.59,2711.45,2718.59,2701.91,1907316992
16-May-2018,2712.62,2722.46,2727.76,2712.17,1777257600
17-May-2018,2719.71,2720.13,2731.96,2711.36,1897528576
18-May-2018,2717.35,2712.97,2719.50,2709.18,1963173632
21-May-2018,2725.95,2733.01,2739.19,2725.70,1817499776
22-May-2018,2738.34,2724.44,2742.24,2721.88,1990404480
23-May-2018,2713.98,2733.29,2733.33,2709.54,2043427328
24-May-2018,2730.94,2727.76,2731.97,2707.38,1925873152
25-May-2018,2723.60,2721.33,2727.36,2714.99,1663289984
29-May-2018,2705.11,2689.86,2710.67,2676.81,2180852736
30-May-2018,2702.43,2724.01,2729.34,2702.43,1971106560
31-May-2018,2720.98,2705.27,2722.50,2700.68,2626903296
01-Jun-2018,2718.70,2734.62,2736.93,2718.70,1904967040
04-Jun-2018,2741.67,2746.87,2749.16,2740.54,1878657536
05-Jun-2018,2748.46,2748.80,2752.61,2739.51,1913669504
06-Jun-2018,2753.25,2772.35,2772.39,2748.46,2031619072
07-Jun-2018,2774.84,2770.37,2779.90,2760.16,2011346816
08-Jun-2018,2765.84,2779.03,2779.39,2763.59,1722644736
11-Jun-2018,2780.18,2782.00,2790.21,2780.17,1784698112
12-Jun-2018,2785.60,2786.85,2789.80,2778.78,1880236032
13-Jun-2018,2787.94,2775.63,2791.47,2774.65,2302860032
14-Jun-2018,2783.21,2782.49,2789.06,2776.52,2099538432
15-Jun-2018,2777.78,2779.66,2782.81,2761.73,3325226496
18-Jun-2018,2765.79,2773.75,2774.99,2757.12,1917528192
19-Jun-2018,2752.01,2762.59,2765.05,2743.19,2060248192
20-Jun-2018,2769.73,2767.32,2774.86,2763.91,2082067968
21-Jun-2018,2769.28,2749.76,2769.28,2744.39,2062497280
22-Jun-2018,2760.79,2754.88,2764.17,2752.68,2780227584
25-Jun-2018,2742.94,2717.07,2742.94,2698.67,2277412352
26-Jun-2018,2722.12,2723.06,2732.91,2715.60,2148853248
27-Jun-2018,2728.45,2699.63,2746.09,2699.38,2224804864
28-Jun-2018,2698.69,2716.31,2724.34,2691.99,2043065344
29-Jun-2018,2727.13,2718.37,2743.26,2718.03,2174262784
02-Jul-2018,2704.95,2726.71,2727.26,2698.95,1724179456
03-Jul-2018,2733.27,2713.22,2736.58,2711.16,1119834112
05-Jul-2018,2724.19,2736.61,2737.83,2716.02,1676664704
06-Jul-2018,2737.68,2759.82,2764.41,2733.52,1510509056
09-Jul-2018,2768.51,2784.17,2784.65,2768.51,1701121152
10-Jul-2018,2788.56,2793.84,2795.58,2786.24,1665947008
11-Jul-2018,2779.82,2774.02,2785.91,2770.77,1780640384
12-Jul-2018,2783.14,2798.29,2799.22,2781.53,1812845824
13-Jul-2018,2796.93,2801.31,2804.53,2791.69,1712368000
16-Jul-2018,2801.43,2798.43,2803.71,2793.39,1742967808
17-Jul-2018,2789.34,2809.55,2814.19,2789.24,1807157760
18-Jul-2018,2811.35,2815.62,2816.76,2805.89,1890165120
19-Jul-2018,2809.37,2804.49,2812.05,2799.77,2068730240
20-Jul-2018,2804.55,2801.83,2809.70,2800.01,2011729536
23-Jul-2018,2799.17,2806.98,2808.61,2795.14,1790007296
24-Jul-2018,2820.68,2820.40,2829.99,2811.12,2099243008
25-Jul-2018,2817.73,2846.07,2848.03,2817.73,2207127296
26-Jul-2018,2835.49,2837.44,2845.57,2835.26,2346155008
27-Jul-2018,2842.35,2818.82,2843.17,2808.34,2157114624
30-Jul-2018,2819.00,2802.60,2821.74,2798.11,2024793728
31-Jul-2018,2809.73,2816.29,2824.46,2808.06,2290638336
01-Aug-2018,2821.17,2813.36,2825.83,2805.85,2111969536
02-Aug-2018,2800.48,2827.22,2829.91,2796.34,1946775808
03-Aug-2018,2829.62,2840.35,2840.38,2827.37,1771647104
06-Aug-2018,2840.29,2850.40,2853.29,2835.98,1674866048
07-Aug-2018,2855.92,2858.45,2863.43,2855.92,1704409088
08-Aug-2018,2856.79,2857.70,2862.44,2853.09,1575794176
09-Aug-2018,2857.19,2853.58,2862.48,2851.98,1646496384
10-Aug-2018,2839.64,2833.28,2842.20,2825.81,1759649536
13-Aug-2018,2835.46,2821.93,2843.40,2819.88,1743995008
14-Aug-2018,2827.88,2839.96,2843.11,2826.58,1645418112
15-Aug-2018,2827.95,2818.37,2827.95,2802.49,2103455104
16-Aug-2018,2831.44,2840.69,2850.49,2831.44,1887908480
17-Aug-2018,2838.32,2850.13,2855.63,2833.73,1810709888
20-Aug-2018,2853.93,2857.05,2859.76,2850.62,1609404544
21-Aug-2018,2861.51,2862.96,2873.23,2861.32,1787415424
22-Aug-2018,2860.99,2861.82,2867.54,2856.05,1545661568
23-Aug-2018,2860.29,2856.98,2868.78,2854.03,1513926528
24-Aug-2018,2862.35,2874.69,2876.16,2862.35,1476168448
27-Aug-2018,2884.69,2896.74,2898.25,2884.69,1697501440
28-Aug-2018,2901.45,2897.52,2903.77,2893.50,1538835968
29-Aug-2018,2900.62,2914.04,2916.50,2898.40,1569384064
30-Aug-2018,2908.94,2901.13,2912.46,2895.22,1632867968
31-Aug-2018,2898.37,2901.52,2906.32,2891.73,1706747520
04-Sep-2018,2896.96,2896.72,2900.18,2885.13,1812180096
05-Sep-2018,2891.59,2888.60,2894.21,2876.92,2001835520
06-Sep-2018,2888.64,2878.05,2892.05,2867.29,1886259200
07-Sep-2018,2868.26,2871.68,2883.81,2864.12,1794888576
10-Sep-2018,2881.39,2877.13,2886.93,2875.94,1587766272
11-Sep-2018,2871.57,2887.89,2892.52,2866.78,1683184896
12-Sep-2018,2888.29,2888.92,2894.65,2879.20,1864004480
13-Sep-2018,2896.85,2904.18,2906.76,2896.39,1850350720
14-Sep-2018,2906.38,2904.98,2908.30,2895.77,1668147712
17-Sep-2018,2903.83,2888.80,2904.65,2886.16,1628186368
18-Sep-2018,2890.74,2904.31,2911.17,2890.43,1752864768
19-Sep-2018,2906.60,2907.95,2912.36,2903.82,1779182336
20-Sep-2018,2919.73,2930.75,2934.80,2919.73,1966580224
21-Sep-2018,2936.76,2929.67,2940.91,2927.11,3653854464
24-Sep-2018,2921.83,2919.37,2923.79,2912.63,1957797888
25-Sep-2018,2921.75,2915.56,2923.95,2913.70,1874677760
26-Sep-2018,2916.98,2905.97,2931.15,2903.28,1952080256
27-Sep-2018,2911.65,2914.00,2927.22,2909.27,1721861888
28-Sep-2018,2910.03,2913.98,2920.53,2907.50,1988726528
01-Oct-2018,2926.29,2924.59,2937.06,2917.91,1985393664
02-Oct-2018,2923.80,2923.43,2931.42,2919.37,1875103104
03-Oct-2018,2931.69,2925.51,2939.86,2921.36,1893246976
04-Oct-2018,2919.35,2901.61,2919.78,2883.92,1990648448
05-Oct-2018,2902.54,2885.57,2909.64,2869.29,1951588352
08-Oct-2018,2877.53,2884.43,2889.45,2862.08,1882610688
09-Oct-2018,2882.51,2880.34,2894.83,2874.27,2015630336
10-Oct-2018,2873.90,2785.68,2874.02,2784.86,2693724416
11-Oct-2018,2776.87,2728.37,2795.14,2710.51,3098300672
12-Oct-2018,2770.54,2767.13,2775.77,2729.44,2508956928
15-Oct-2018,2763.83,2750.79,2775.99,2749.03,1927019904
16-Oct-2018,2767.05,2809.92,2813.46,2766.91,2026583296
17-Oct-2018,2811.67,2809.21,2816.94,2781.81,1991673216
18-Oct-2018,2802.00,2768.78,2806.04,2755.18,2220875264
19-Oct-2018,2775.66,2767.78,2797.77,2760.27,2281907712
22-Oct-2018,2773.94,2755.88,2778.94,2749.22,2053233536
23-Oct-2018,2721.03,2740.69,2753.59,2691.43,2633762560
24-Oct-2018,2737.87,2656.10,2742.59,2651.89,2940589056
25-Oct-2018,2674.88,2705.57,2722.70,2667.84,2727289344
26-Oct-2018,2667.86,2658.69,2692.38,2628.16,3062145536
29-Oct-2018,2682.65,2641.25,2706.85,2603.54,2764736256
30-Oct-2018,2640.68,2682.63,2685.43,2635.34,3207738624
31-Oct-2018,2705.60,2711.74,2736.69,2705.60,3044530176
01-Nov-2018,2717.58,2740.37,2741.67,2708.85,2605371136
02-Nov-2018,2745.45,2723.06,2756.55,2700.44,2679436032
05-Nov-2018,2726.37,2738.31,2744.27,2717.94,2068718080
06-Nov-2018,2738.40,2755.45,2756.82,2737.08,1927377536
07-Nov-2018,2774.13,2813.89,2815.15,2774.13,2237100544
08-Nov-2018,2806.38,2806.83,2814.75,2794.99,2079310336
09-Nov-2018,2794.10,2781.01,2794.10,2764.24,2384315904
12-Nov-2018,2773.93,2726.22,2775.99,2722.00,2281940992
13-Nov-2018,2730.05,2722.18,2754.60,2714.98,2323193856
14-Nov-2018,2737.90,2701.58,2746.80,2685.75,2504612864
15-Nov-2018,2693.52,2730.20,2735.38,2670.75,2563963904
16-Nov-2018,2718.54,2736.27,2746.75,2712.16,2517208064
19-Nov-2018,2730.74,2690.73,2733.16,2681.09,2373464064
20-Nov-2018,2654.60,2641.89,2669.44,2631.52,2753816832
21-Nov-2018,2657.74,2649.93,2670.73,2649.82,1943396480
23-Nov-2018,2633.36,2632.56,2647.55,2631.09,951652288
26-Nov-2018,2649.97,2673.45,2674.35,2649.97,2113390208
27-Nov-2018,2663.75,2682.17,2682.53,2655.89,2049665664
28-Nov-2018,2691.45,2743.79,2744.00,2684.38,2308330240
29-Nov-2018,2736.97,2737.76,2753.75,2722.94,1976804224
30-Nov-2018,2737.76,2760.17,2760.88,2732.76,2831860736
03-Dec-2018,2790.50,2790.37,2800.18,2773.38,2549100288
04-Dec-2018,2782.43,2700.06,2785.93,2697.18,2813910016
05-Dec-2018,2782.43,2700.06,2785.93,2697.18,2858957824
06-Dec-2018,2663.51,2695.95,2696.15,2621.53,3115363584
07-Dec-2018,2691.26,2633.08,2708.54,2623.14,2457232384
10-Dec-2018,2630.86,2637.72,2647.51,2583.23,2434630656
11-Dec-2018,2664.44,2636.78,2674.35,2621.30,2242852864
12-Dec-2018,2658.23,2651.07,2685.44,2650.26,2304548096
13-Dec-2018,2658.70,2650.54,2670.19,2637.27,2241559552
14-Dec-2018,2629.68,2599.95,2635.07,2593.84,2429752576
17-Dec-2018,2590.75,2545.94,2601.13,2530.54,2715525120
18-Dec-2018,2559.90,2546.16,2573.99,2528.71,2624934656
19-Dec-2018,2547.05,2506.96,2585.29,2488.96,3223729408
20-Dec-2018,2496.77,2467.42,2509.63,2441.18,3429582848
21-Dec-2018,2465.38,2416.62,2504.41,2408.55,4560164352
24-Dec-2018,2400.56,2351.10,2410.34,2351.10,1662758784
26-Dec-2018,2363.12,2467.70,2467.76,2346.58,2611875072
27-Dec-2018,2442.50,2488.83,2489.10,2397.94,2386466304
28-Dec-2018,2498.77,2485.74,2520.27,2472.89,2080726656
31-Dec-2018,2498.94,2506.85,2509.24,2482.82,1912680064
02-Jan-2019,2476.96,2510.03,2519.49,2467.47,2128120576
03-Jan-2019,2491.92,2447.89,2493.14,2443.96,2587297280
04-Jan-2019,2474.33,2531.94,2538.07,2474.33,2528558336
07-Jan-2019,2535.61,2549.69,2566.16,2524.56,2397813504
08-Jan-2019,2568.11,2574.41,2579.82,2547.56,2330456320
09-Jan-2019,2580.00,2584.96,2595.32,2568.89,2366510080
10-Jan-2019,2573.51,2596.64,2597.82,2562.02,2223604736
11-Jan-2019,2588.11,2596.26,2596.27,2577.40,1986762112
14-Jan-2019,2580.31,2582.61,2589.32,2570.41,2157415424
15-Jan-2019,2585.10,2610.30,2613.08,2585.10,2217572608
16-Jan-2019,2614.75,2616.10,2625.76,2612.68,2339469312
17-Jan-2019,2609.28,2635.96,2645.06,2606.36,2390326784
18-Jan-2019,2651.27,2670.71,2675.47,2647.58,2564456960
22-Jan-2019,2657.88,2632.90,2657.88,2617.27,2515675648
23-Jan-2019,2643.48,2638.70,2653.19,2612.86,2127983104
24-Jan-2019,2638.84,2642.33,2647.20,2627.01,2389385472
25-Jan-2019,2657.44,2664.76,2672.38,2657.33,2450628352
28-Jan-2019,2644.97,2643.85,2644.97,2624.06,2186417152
29-Jan-2019,2644.89,2640.00,2650.93,2631.05,2081139328
30-Jan-2019,2653.62,2681.05,2690.44,2648.34,2326313472
31-Jan-2019,2685.49,2704.10,2708.95,2678.65,3155724032
01-Feb-2019,2702.32,2706.53,2716.66,2696.88,2311229952
04-Feb-2019,2706.49,2724.87,2724.99,2698.75,1990998400
05-Feb-2019,2728.34,2737.70,2738.98,2724.03,2054628224
06-Feb-2019,2735.05,2731.61,2738.08,2724.15,1965315456
07-Feb-2019,2717.53,2706.05,2719.32,2687.26,2334418688
08-Feb-2019,2692.36,2707.88,2708.07,2681.83,2070698240
11-Feb-2019,2712.40,2709.80,2718.05,2703.79,1887567104
12-Feb-2019,2722.61,2744.73,2748.19,2722.61,2150153472
13-Feb-2019,2750.30,2753.03,2761.85,2748.63,2017871744
14-Feb-2019,2743.50,2745.73,2757.90,2731.23,2093768064
15-Feb-2019,2760.24,2775.60,2775.66,2760.24,2296040192
19-Feb-2019,2769.28,2779.76,2787.33,2767.29,1985971200
20-Feb-2019,2779.05,2784.70,2789.88,2774.06,2093619456
21-Feb-2019,2780.24,2774.88,2781.58,2764.55,1979441536
22-Feb-2019,2780.67,2792.67,2794.20,2779.11,2077896320
25-Feb-2019,2804.35,2796.11,2813.49,2794.99,2286697472
26-Feb-2019,2792.36,2793.90,2803.12,2789.47,2049901952
27-Feb-2019,2787.50,2792.38,2795.76,2775.13,2176285952
28-Feb-2019,2788.11,2784.49,2793.73,2782.51,2528172288
01-Mar-2019,2798.22,2803.69,2808.02,2787.38,2295527424
04-Mar-2019,2814.37,2792.81,2816.88,2767.66,2284175872
05-Mar-2019,2794.41,2789.65,2796.44,2782.97,2142384896
06-Mar-2019,2790.27,2771.45,2790.27,2768.69,2146441600
07-Mar-2019,2766.53,2748.93,2767.25,2739.09,2268137984
08-Mar-2019,2730.79,2743.07,2744.13,2722.27,1996793344
11-Mar-2019,2747.61,2783.30,2784.00,2747.61,2082162560
12-Mar-2019,2787.34,2791.52,2798.32,2786.73,1998531712
13-Mar-2019,2799.78,2810.92,2821.24,2799.78,2146659456
14-Mar-2019,2810.38,2808.48,2815.00,2803.46,2027827072
15-Mar-2019,2810.79,2822.48,2830.73,2810.79,3572799744
18-Mar-2019,2822.61,2832.94,2835.41,2821.99,1972288384
19-Mar-2019,2840.76,2832.57,2852.42,2823.27,2168826368
20-Mar-2019,2831.34,2824.23,2843.54,2812.43,2288527360
21-Mar-2019,2819.72,2854.88,2860.31,2817.38,2295613696
22-Mar-2019,2844.52,2800.71,2846.16,2800.47,2450095872
25-Mar-2019,2796.01,2798.36,2809.79,2785.02,1906057728
26-Mar-2019,2812.66,2818.46,2829.87,2803.99,1945532800
27-Mar-2019,2819.72,2805.37,2825.56,2787.72,1989603200
28-Mar-2019,2809.40,2815.44,2819.71,2798.77,1739660288
29-Mar-2019,2828.27,2834.40,2836.03,2819.23,2152456448
01-Apr-2019,2848.63,2867.19,2869.40,2848.63,2051309696
02-Apr-2019,2868.24,2867.24,2872.90,2858.75,1825777792
03-Apr-2019,2876.09,2873.40,2885.25,2865.17,2183398400
04-Apr-2019,2873.99,2879.39,2881.28,2867.14,1715158144
05-Apr-2019,2884.16,2892.74,2893.24,2882.99,1702978432
08-Apr-2019,2888.46,2895.77,2895.95,2880.78,1719262976
09-Apr-2019,2886.58,2878.20,2886.88,2873.33,1686689792
10-Apr-2019,2881.37,2888.21,2889.71,2879.13,1575625984
11-Apr-2019,2891.92,2888.32,2893.42,2881.99,1606455552
12-Apr-2019,2900.86,2907.41,2910.54,2898.37,2141008768
15-Apr-2019,2908.32,2905.58,2909.60,2896.48,1704953344
16-Apr-2019,2912.26,2907.06,2916.06,2900.71,2035190656
17-Apr-2019,2916.04,2900.45,2918.00,2895.45,2273149440
18-Apr-2019,2904.81,2905.03,2908.40,2891.90,2061242112
22-Apr-2019,2898.78,2907.97,2909.51,2896.35,1718583808
23-Apr-2019,2909.99,2933.68,2936.31,2908.53,2123237504
24-Apr-2019,2934.00,2927.25,2936.83,2926.05,2019752576
25-Apr-2019,2928.99,2926.17,2933.10,2912.84,2067180160
26-Apr-2019,2925.81,2939.88,2939.88,2917.56,2058183936
29-Apr-2019,2940.58,2943.03,2949.52,2939.35,1823626240
30-Apr-2019,2937.14,2945.83,2948.22,2924.11,2348155392
01-May-2019,2952.33,2923.73,2954.13,2923.36,2197288192
02-May-2019,2922.16,2917.52,2931.68,2900.50,2112049920
03-May-2019,2929.21,2945.64,2947.85,2929.21,1841054208
06-May-2019,2908.89,2932.47,2937.32,2898.21,1831123840
07-May-2019,2913.03,2884.05,2913.03,2862.60,2243528704
08-May-2019,2879.61,2879.42,2897.96,2873.28,1892952704
09-May-2019,2859.84,2870.72,2875.97,2836.40,2090138240
10-May-2019,2863.10,2881.40,2891.31,2825.39,1991036544
13-May-2019,2840.19,2811.87,2840.19,2801.43,2306196736
14-May-2019,2820.12,2834.41,2852.54,2820.12,1928394752
15-May-2019,2820.38,2850.96,2858.68,2815.08,1856087296
16-May-2019,2855.80,2876.32,2892.15,2855.80,1902620672
17-May-2019,2858.60,2859.53,2885.48,2854.23,1876970880
20-May-2019,2841.94,2840.23,2853.86,2831.29,1888430336
21-May-2019,2854.02,2864.36,2868.88,2854.02,1761994624
22-May-2019,2856.06,2856.27,2865.47,2851.11,1753429504
23-May-2019,2836.70,2822.24,2836.70,2805.49,2166315520
24-May-2019,2832.41,2826.06,2841.36,2820.19,1579875328
28-May-2019,2830.03,2802.39,2840.51,2801.58,2412768768
29-May-2019,2790.25,2783.02,2792.03,2766.06,2053782016
30-May-2019,2786.94,2788.86,2799.00,2776.74,1727612800
31-May-2019,2766.15,2752.06,2768.98,2750.52,2157925376
03-Jun-2019,2751.53,2744.45,2763.07,2728.81,2347556352
04-Jun-2019,2762.64,2803.27,2804.49,2762.64,2241438976
05-Jun-2019,2818.09,2826.15,2827.28,2800.92,1981134208
06-Jun-2019,2828.51,2843.49,2852.10,2822.45,1905986432
07-Jun-2019,2852.87,2873.34,2884.97,2852.87,1818110720
10-Jun-2019,2885.83,2886.73,2904.77,2885.51,1816169088
11-Jun-2019,2903.27,2885.72,2910.61,2878.53,1729523840
12-Jun-2019,2882.73,2879.84,2888.57,2874.68,1576363008
13-Jun-2019,2886.24,2891.64,2895.24,2881.99,1606175360
14-Jun-2019,2886.82,2886.98,2894.45,2879.62,1527411456
17-Jun-2019,2889.75,2889.67,2897.27,2887.30,1519914112
18-Jun-2019,2906.71,2917.75,2930.79,2905.44,1965299968
19-Jun-2019,2920.55,2926.46,2931.74,2911.43,1810645888
20-Jun-2019,2949.60,2954.18,2958.06,2931.50,2026588928
21-Jun-2019,2952.71,2950.46,2964.15,2946.87,2900649216
24-Jun-2019,2951.42,2945.35,2954.92,2944.05,1669689856
25-Jun-2019,2945.78,2917.38,2946.52,2916.01,1963218560
26-Jun-2019,2926.07,2913.78,2932.59,2912.99,1966052736
27-Jun-2019,2919.66,2924.92,2929.30,2918.57,1677803008
28-Jun-2019,2932.94,2941.76,2943.98,2929.05,2751429376
01-Jul-2019,2971.41,2964.33,2977.93,2952.22,1976860288
02-Jul-2019,2964.66,2973.01,2973.21,2955.92,1615965568
03-Jul-2019,2978.08,2995.82,2995.84,2977.96,1077241088
05-Jul-2019,2984.25,2990.41,2994.03,2967.97,1253865216
08-Jul-2019,2979.77,2975.95,2980.76,2970.09,1523365888
09-Jul-2019,2965.52,2979.63,2981.90,2963.44,1595775232
10-Jul-2019,2989.30,2993.07,3002.98,2984.62,1617265920
11-Jul-2019,2999.62,2999.91,3002.33,2988.80,1701896064
12-Jul-2019,3003.36,3013.77,3013.92,3001.87,1582805888
15-Jul-2019,3017.80,3014.30,3017.80,3008.77,1567516288
16-Jul-2019,3012.13,3004.04,3015.02,3001.15,1703769216
17-Jul-2019,3005.10,2984.42,3005.26,2984.25,1702917504
18-Jul-2019,2978.87,2995.11,2998.28,2973.09,1766711808
19-Jul-2019,3004.26,2976.61,3006.02,2975.86,1795427072
22-Jul-2019,2981.93,2985.03,2990.71,2976.65,1615432448
23-Jul-2019,2994.74,3005.47,3005.90,2988.56,1836011648
24-Jul-2019,2998.77,3019.56,3019.59,2996.82,1872338048
25-Jul-2019,3016.26,3003.67,3016.31,2997.24,1956007296
26-Jul-2019,3013.25,3025.86,3027.98,3012.59,1753194368
29-Jul-2019,3024.47,3020.97,3025.61,3014.30,1715538048
30-Jul-2019,3007.66,3013.18,3017.19,3000.94,1806766208
31-Jul-2019,3016.22,2980.38,3017.40,2958.08,2657021952
01-Aug-2019,2980.32,2953.56,3013.59,2945.23,2647251200
02-Aug-2019,2943.90,2932.05,2945.50,2914.11,2153816832
05-Aug-2019,2898.07,2844.74,2898.07,2822.12,2583993088
06-Aug-2019,2861.18,2881.77,2884.40,2847.42,2148278528
07-Aug-2019,2858.65,2883.98,2892.17,2825.71,2314668544
08-Aug-2019,2896.21,2938.09,2938.72,2894.47,2174035712
09-Aug-2019,2930.51,2918.65,2935.75,2900.15,1869441280
12-Aug-2019,2907.07,2883.09,2907.58,2873.14,1433805824
13-Aug-2019,2880.72,2926.32,2943.31,2877.05,2110219008
14-Aug-2019,2894.15,2840.60,2894.15,2839.64,2503335168
15-Aug-2019,2846.20,2847.60,2856.67,2825.51,2395650048
16-Aug-2019,2864.74,2888.68,2893.63,2864.74,2045894656
19-Aug-2019,2913.48,2923.65,2931.00,2913.48,1742349568
20-Aug-2019,2919.01,2900.51,2923.63,2899.60,1632240384
21-Aug-2019,2922.04,2924.43,2928.73,2917.91,1545091456
22-Aug-2019,2930.94,2922.95,2939.08,2904.51,1549635328
23-Aug-2019,2911.07,2847.11,2927.01,2834.97,2341712128
26-Aug-2019,2866.70,2878.38,2879.27,2856.00,1562054016
27-Aug-2019,2893.14,2869.16,2898.79,2860.59,1897364736
28-Aug-2019,2861.28,2887.94,2890.03,2853.05,1608986752
29-Aug-2019,2910.37,2924.58,2930.50,2905.67,1588930816
30-Aug-2019,2937.09,2926.46,2940.43,2913.32,1582857088
03-Sep-2019,2909.01,2906.27,2914.39,2891.85,1678399488
04-Sep-2019,2924.67,2937.78,2938.84,2921.86,1608418944
05-Sep-2019,2960.60,2976.00,2985.86,2960.60,1948167936
06-Sep-2019,2980.33,2978.71,2985.03,2972.51,1627147264
09-Sep-2019,2988.43,2978.43,2989.43,2969.39,2065166976
10-Sep-2019,2971.01,2979.39,2979.39,2957.01,2260850176
11-Sep-2019,2981.41,3000.93,3000.93,2975.31,1987898112
12-Sep-2019,3009.08,3009.57,3020.74,3000.92,2077592704
13-Sep-2019,3012.21,3007.39,3017.33,3002.90,1853602048
16-Sep-2019,2996.41,2997.96,3002.19,2990.67,1839565312
17-Sep-2019,2995.67,3005.70,3006.21,2993.73,1774975744
18-Sep-2019,3001.50,3006.73,3007.83,2978.57,1678559744
19-Sep-2019,3010.36,3006.79,3021.99,3003.16,1510628864
20-Sep-2019,3008.42,2992.07,3016.37,2984.68,3019974144
23-Sep-2019,2983.50,2991.78,2999.15,2982.23,1529145344
24-Sep-2019,3002.43,2966.60,3007.98,2957.73,1974674048
25-Sep-2019,2968.35,2984.87,2989.82,2952.86,1708552192
26-Sep-2019,2985.73,2977.62,2987.28,2963.71,1557281792
27-Sep-2019,2985.47,2961.79,2987.31,2945.53,1736639744
30-Sep-2019,2967.07,2976.74,2983.85,2967.07,1601868544
01-Oct-2019,2983.69,2940.25,2992.53,2938.70,1838273024
02-Oct-2019,2924.78,2887.61,2924.78,2874.93,2074372480
03-Oct-2019,2885.38,2910.63,2911.13,2855.94,1807383936
04-Oct-2019,2918.56,2952.01,2953.74,2918.56,1556921984
07-Oct-2019,2944.23,2938.79,2959.75,2935.68,1455888768
08-Oct-2019,2920.40,2893.06,2925.47,2892.66,1775243520
09-Oct-2019,2911.10,2919.40,2929.32,2907.41,1373037696
10-Oct-2019,2918.55,2938.13,2948.46,2917.12,1575411456
11-Oct-2019,2963.07,2970.27,2993.28,2963.07,1911156096
14-Oct-2019,2965.81,2966.15,2972.84,2962.94,1313818880
15-Oct-2019,2973.61,2995.68,3003.28,2973.61,1632141568
16-Oct-2019,2989.68,2989.69,2997.54,2985.20,1680846720
17-Oct-2019,3000.77,2997.95,3008.29,2991.79,1551363712
18-Oct-2019,2996.84,2986.20,3000.00,2976.31,1905462784
21-Oct-2019,2996.48,3006.72,3007.33,2995.35,1679142912
22-Oct-2019,3010.73,2995.99,3014.57,2995.04,1800658304
23-Oct-2019,2994.01,3004.52,3004.78,2991.21,1710662400
24-Oct-2019,3014.78,3010.29,3016.07,3000.42,1872632192
25-Oct-2019,3003.32,3022.55,3027.39,3001.94,1722178176
28-Oct-2019,3032.12,3039.42,3044.08,3032.12,1801775872
29-Oct-2019,3035.39,3036.89,3047.87,3034.81,1758593280
30-Oct-2019,3039.74,3046.77,3050.10,3025.96,1939429888
31-Oct-2019,3046.90,3037.56,3046.90,3023.19,2102576768
01-Nov-2019,3050.72,3066.91,3066.95,3050.72,1901160192
04-Nov-2019,3078.96,3078.27,3085.20,3074.87,2053537920
05-Nov-2019,3080.80,3074.62,3083.95,3072.15,2150674944
06-Nov-2019,3075.10,3076.78,3078.34,3065.89,1950866816
07-Nov-2019,3087.02,3085.18,3097.77,3080.23,2091040512
08-Nov-2019,3081.25,3093.08,3093.09,3073.58,1660102528
11-Nov-2019,3080.33,3087.01,3088.33,3075.82,1374093312
12-Nov-2019,3089.28,3091.84,3102.61,3084.73,1651572864
13-Nov-2019,3084.18,3094.04,3098.06,3078.80,1681816320
14-Nov-2019,3090.75,3096.63,3098.20,3083.26,1599515008
15-Nov-2019,3107.92,3120.46,3120.46,3104.60,1816420224
18-Nov-2019,3117.91,3122.03,3124.17,3112.06,1776164736
19-Nov-2019,3127.45,3120.18,3127.64,3113.47,1848034304
